subject,label,condition,trial,band,angle_rad
2,chan81-chan82,Involuntary_OutcomeOnsetReportSound,1,Delta,2.953387283038804
2,chan81-chan82,Involuntary_OutcomeOnsetReportSound,2,Delta,4.0099868067632
2,chan81-chan82,Involuntary_OutcomeOnsetReportSound,3,Delta,5.25382016599326
2,chan81-chan82,Involuntary_OutcomeOnsetReportSound,4,Delta,2.2274123347637573
2,chan81-chan82,Involuntary_OutcomeOnsetReportSound,5,Delta,2.032490323529646
2,chan81-chan82,Involuntary_OutcomeOnsetReportSound,6,Delta,1.8109646405306161
2,chan81-chan82,Involuntary_OutcomeOnsetReportSound,7,Delta,2.6812927208176807
2,chan81-chan82,Involuntary_OutcomeOnsetReportSound,8,Delta,3.2281507174995756
2,chan81-chan82,Involuntary_OutcomeOnsetReportSound,9,Delta,3.3019941452030137
2,chan81-chan82,Involuntary_OutcomeOnsetReportSound,10,Delta,1.943306969646778
2,chan81-chan82,Involuntary_OutcomeOnsetReportSound,11,Delta,5.7114688434938525
2,chan81-chan82,Involuntary_OutcomeOnsetReportSound,12,Delta,2.352443127786793
2,chan81-chan82,Involuntary_OutcomeOnsetReportSound,13,Delta,4.559389840180033
2,chan81-chan82,Involuntary_OutcomeOnsetReportSound,14,Delta,5.4969919582409545
2,chan81-chan82,Involuntary_OutcomeOnsetReportSound,15,Delta,0.028064501435131357
2,chan81-chan82,Involuntary_OutcomeOnsetReportSound,16,Delta,2.213214289041414
2,chan81-chan82,Involuntary_OutcomeOnsetReportSound,17,Delta,2.108483653414698
2,chan81-chan82,Involuntary_OutcomeOnsetReportSound,18,Delta,5.451958215314784
2,chan81-chan82,Involuntary_OutcomeOnsetReportSound,19,Delta,0.6052064835878448
2,chan81-chan82,Involuntary_OutcomeOnsetReportSound,20,Delta,2.0471158936725584
2,chan81-chan82,Involuntary_OutcomeOnsetReportSound,21,Delta,2.5850236127336035
2,chan81-chan82,Involuntary_OutcomeOnsetReportSound,22,Delta,0.03139808445876372
2,chan81-chan82,Involuntary_OutcomeOnsetReportSound,23,Delta,3.3182383883033553
2,chan81-chan82,Involuntary_OutcomeOnsetReportSound,24,Delta,2.522852109297466
2,chan81-chan82,Involuntary_OutcomeOnsetReportSound,25,Delta,6.257078345080465
2,chan81-chan82,Involuntary_OutcomeOnsetReportSound,26,Delta,3.11093053745717
2,chan81-chan82,Involuntary_OutcomeOnsetReportSound,27,Delta,1.5848817586771495
2,chan81-chan82,Involuntary_OutcomeOnsetReportSound,28,Delta,1.1061038362873354
2,chan81-chan82,Involuntary_OutcomeOnsetReportSound,29,Delta,2.872608333232969
2,chan81-chan82,Involuntary_OutcomeOnsetReportSound,30,Delta,5.57053358219859
2,chan81-chan82,Involuntary_OutcomeOnsetReportSound,31,Delta,4.631271501763639
2,chan81-chan82,Involuntary_OutcomeOnsetReportSound,32,Delta,3.8663783809777774
2,chan81-chan82,Involuntary_OutcomeOnsetReportSound,33,Delta,3.6131619472476957
2,chan81-chan82,Involuntary_OutcomeOnsetReportSound,34,Delta,1.0649963256039194
2,chan81-chan82,Involuntary_OutcomeOnsetReportSound,35,Delta,0.11752139671652477
2,chan81-chan82,Involuntary_OutcomeOnsetReportSound,36,Delta,0.708393279738806
2,chan81-chan82,Involuntary_OutcomeOnsetReportSound,37,Delta,2.3724848104437815
2,chan81-chan82,Involuntary_OutcomeOnsetReportSound,38,Delta,1.3799606325028873
2,chan81-chan82,Involuntary_OutcomeOnsetReportSound,39,Delta,4.623646017083748
2,chan81-chan82,Involuntary_OutcomeOnsetReportSound,40,Delta,1.8507085399916008
2,chan81-chan82,Involuntary_OutcomeOnsetReportSound,41,Delta,4.167680084580875
2,chan81-chan82,Involuntary_OutcomeOnsetReportSound,42,Delta,4.673261766451391
2,chan81-chan82,Involuntary_OutcomeOnsetReportSound,43,Delta,3.079094528677147
2,chan81-chan82,Involuntary_OutcomeOnsetReportSound,44,Delta,0.5698410466478944
2,chan81-chan82,Involuntary_OutcomeOnsetReportSound,45,Delta,5.1033012864356255
2,chan81-chan82,Involuntary_OutcomeOnsetReportSound,46,Delta,1.544849754449587
2,chan81-chan82,Involuntary_OutcomeOnsetReportSound,47,Delta,1.6620130285103807
2,chan81-chan82,Involuntary_OutcomeOnsetReportSound,48,Delta,2.855204672087714
2,chan81-chan82,Involuntary_OutcomeOnsetReportSound,49,Delta,1.3912470681892548
2,chan81-chan82,Involuntary_OutcomeOnsetReportSound,50,Delta,4.502039496021608
2,chan81-chan82,Involuntary_OutcomeOnsetReportSound,51,Delta,4.61151855321403
2,chan81-chan82,Involuntary_OutcomeOnsetReportSound,52,Delta,1.7199158882031755
2,chan81-chan82,Involuntary_OutcomeOnsetReportSound,53,Delta,4.777143665496261
2,chan81-chan82,Involuntary_OutcomeOnsetReportSound,54,Delta,4.407433104532688
2,chan81-chan82,Involuntary_OutcomeOnsetReportSound,55,Delta,2.9551973641401212
2,chan81-chan82,Involuntary_OutcomeOnsetReportSound,56,Delta,1.5432158139334513
2,chan81-chan82,Involuntary_OutcomeOnsetReportSound,57,Delta,5.143011260514039
2,chan81-chan82,Involuntary_OutcomeOnsetReportSound,58,Delta,4.089752612914934
2,chan81-chan82,Involuntary_OutcomeOnsetReportSound,1,Theta,3.768619908999833
2,chan81-chan82,Involuntary_OutcomeOnsetReportSound,2,Theta,3.5105666941112323
2,chan81-chan82,Involuntary_OutcomeOnsetReportSound,3,Theta,5.400140097989129
2,chan81-chan82,Involuntary_OutcomeOnsetReportSound,4,Theta,1.6982139008718358
2,chan81-chan82,Involuntary_OutcomeOnsetReportSound,5,Theta,4.099752545481296
2,chan81-chan82,Involuntary_OutcomeOnsetReportSound,6,Theta,2.292751808421494
2,chan81-chan82,Involuntary_OutcomeOnsetReportSound,7,Theta,2.667176682061889
2,chan81-chan82,Involuntary_OutcomeOnsetReportSound,8,Theta,3.041547569393543
2,chan81-chan82,Involuntary_OutcomeOnsetReportSound,9,Theta,3.2453011942957537
2,chan81-chan82,Involuntary_OutcomeOnsetReportSound,10,Theta,2.564441377327303
2,chan81-chan82,Involuntary_OutcomeOnsetReportSound,11,Theta,5.588927918838515
2,chan81-chan82,Involuntary_OutcomeOnsetReportSound,12,Theta,2.750590220461208
2,chan81-chan82,Involuntary_OutcomeOnsetReportSound,13,Theta,4.878961804589965
2,chan81-chan82,Involuntary_OutcomeOnsetReportSound,14,Theta,5.429056601853732
2,chan81-chan82,Involuntary_OutcomeOnsetReportSound,15,Theta,0.11980429211371624
2,chan81-chan82,Involuntary_OutcomeOnsetReportSound,16,Theta,2.400894886141702
2,chan81-chan82,Involuntary_OutcomeOnsetReportSound,17,Theta,1.7204680951411682
2,chan81-chan82,Involuntary_OutcomeOnsetReportSound,18,Theta,5.3290917651702205
2,chan81-chan82,Involuntary_OutcomeOnsetReportSound,19,Theta,0.6374759938217103
2,chan81-chan82,Involuntary_OutcomeOnsetReportSound,20,Theta,2.3415500989444675
2,chan81-chan82,Involuntary_OutcomeOnsetReportSound,21,Theta,2.995680447606866
2,chan81-chan82,Involuntary_OutcomeOnsetReportSound,22,Theta,0.039606360349451586
2,chan81-chan82,Involuntary_OutcomeOnsetReportSound,23,Theta,3.8683287594605718
2,chan81-chan82,Involuntary_OutcomeOnsetReportSound,24,Theta,2.7018471697873796
2,chan81-chan82,Involuntary_OutcomeOnsetReportSound,25,Theta,0.37186217552354506
2,chan81-chan82,Involuntary_OutcomeOnsetReportSound,26,Theta,2.6933833930981415
2,chan81-chan82,Involuntary_OutcomeOnsetReportSound,27,Theta,1.7911777560838211
2,chan81-chan82,Involuntary_OutcomeOnsetReportSound,28,Theta,0.8790235803883751
2,chan81-chan82,Involuntary_OutcomeOnsetReportSound,29,Theta,1.8389246763716298
2,chan81-chan82,Involuntary_OutcomeOnsetReportSound,30,Theta,5.732859369758751
2,chan81-chan82,Involuntary_OutcomeOnsetReportSound,31,Theta,4.677338531954816
2,chan81-chan82,Involuntary_OutcomeOnsetReportSound,32,Theta,3.307477425557416
2,chan81-chan82,Involuntary_OutcomeOnsetReportSound,33,Theta,4.697357647533135
2,chan81-chan82,Involuntary_OutcomeOnsetReportSound,34,Theta,6.11377613673178
2,chan81-chan82,Involuntary_OutcomeOnsetReportSound,35,Theta,5.314295412223396
2,chan81-chan82,Involuntary_OutcomeOnsetReportSound,36,Theta,1.033755478629022
2,chan81-chan82,Involuntary_OutcomeOnsetReportSound,37,Theta,4.0055783133000515
2,chan81-chan82,Involuntary_OutcomeOnsetReportSound,38,Theta,5.8253022816167785
2,chan81-chan82,Involuntary_OutcomeOnsetReportSound,39,Theta,1.6638111772119928
2,chan81-chan82,Involuntary_OutcomeOnsetReportSound,40,Theta,1.7466949022341665
2,chan81-chan82,Involuntary_OutcomeOnsetReportSound,41,Theta,3.532570373908757
2,chan81-chan82,Involuntary_OutcomeOnsetReportSound,42,Theta,4.714461053966058
2,chan81-chan82,Involuntary_OutcomeOnsetReportSound,43,Theta,3.730806576947314
2,chan81-chan82,Involuntary_OutcomeOnsetReportSound,44,Theta,0.6288663591779863
2,chan81-chan82,Involuntary_OutcomeOnsetReportSound,45,Theta,5.744865899520762
2,chan81-chan82,Involuntary_OutcomeOnsetReportSound,46,Theta,1.8295375957101963
2,chan81-chan82,Involuntary_OutcomeOnsetReportSound,47,Theta,1.0569269867904703
2,chan81-chan82,Involuntary_OutcomeOnsetReportSound,48,Theta,2.9980781953095117
2,chan81-chan82,Involuntary_OutcomeOnsetReportSound,49,Theta,1.3391754685631638
2,chan81-chan82,Involuntary_OutcomeOnsetReportSound,50,Theta,6.118799474162893
2,chan81-chan82,Involuntary_OutcomeOnsetReportSound,51,Theta,4.914508727465661
2,chan81-chan82,Involuntary_OutcomeOnsetReportSound,52,Theta,1.9013361847364412
2,chan81-chan82,Involuntary_OutcomeOnsetReportSound,53,Theta,5.441065485952903
2,chan81-chan82,Involuntary_OutcomeOnsetReportSound,54,Theta,3.664982270023078
2,chan81-chan82,Involuntary_OutcomeOnsetReportSound,55,Theta,2.8363428847986047
2,chan81-chan82,Involuntary_OutcomeOnsetReportSound,56,Theta,0.9914162958578079
2,chan81-chan82,Involuntary_OutcomeOnsetReportSound,57,Theta,6.112954014322001
2,chan81-chan82,Involuntary_OutcomeOnsetReportSound,58,Theta,2.046770259307467
2,chan81-chan82,Involuntary_OutcomeOnsetReportSound,1,Alpha,2.7826632822893624
2,chan81-chan82,Involuntary_OutcomeOnsetReportSound,2,Alpha,1.1263691944214964
2,chan81-chan82,Involuntary_OutcomeOnsetReportSound,3,Alpha,1.7001744719898597
2,chan81-chan82,Involuntary_OutcomeOnsetReportSound,4,Alpha,4.669723978160872
2,chan81-chan82,Involuntary_OutcomeOnsetReportSound,5,Alpha,5.527528494098222
2,chan81-chan82,Involuntary_OutcomeOnsetReportSound,6,Alpha,5.970466292518499
2,chan81-chan82,Involuntary_OutcomeOnsetReportSound,7,Alpha,5.651170384485955
2,chan81-chan82,Involuntary_OutcomeOnsetReportSound,8,Alpha,3.0579737177859343
2,chan81-chan82,Involuntary_OutcomeOnsetReportSound,9,Alpha,3.701560060367238
2,chan81-chan82,Involuntary_OutcomeOnsetReportSound,10,Alpha,0.2553566068670043
2,chan81-chan82,Involuntary_OutcomeOnsetReportSound,11,Alpha,5.29814084684939
2,chan81-chan82,Involuntary_OutcomeOnsetReportSound,12,Alpha,1.491790602235811
2,chan81-chan82,Involuntary_OutcomeOnsetReportSound,13,Alpha,5.60241353880801
2,chan81-chan82,Involuntary_OutcomeOnsetReportSound,14,Alpha,0.029350249702677415
2,chan81-chan82,Involuntary_OutcomeOnsetReportSound,15,Alpha,2.913116340083012
2,chan81-chan82,Involuntary_OutcomeOnsetReportSound,16,Alpha,3.988581328451426
2,chan81-chan82,Involuntary_OutcomeOnsetReportSound,17,Alpha,1.8620057222949222
2,chan81-chan82,Involuntary_OutcomeOnsetReportSound,18,Alpha,4.074110471858887
2,chan81-chan82,Involuntary_OutcomeOnsetReportSound,19,Alpha,4.718856554474949
2,chan81-chan82,Involuntary_OutcomeOnsetReportSound,20,Alpha,3.908214973621543
2,chan81-chan82,Involuntary_OutcomeOnsetReportSound,21,Alpha,2.8185965833843176
2,chan81-chan82,Involuntary_OutcomeOnsetReportSound,22,Alpha,3.553354596328194
2,chan81-chan82,Involuntary_OutcomeOnsetReportSound,23,Alpha,4.844897654315444
2,chan81-chan82,Involuntary_OutcomeOnsetReportSound,24,Alpha,4.799367547948661
2,chan81-chan82,Involuntary_OutcomeOnsetReportSound,25,Alpha,6.2609159271045485
2,chan81-chan82,Involuntary_OutcomeOnsetReportSound,26,Alpha,5.297313596237002
2,chan81-chan82,Involuntary_OutcomeOnsetReportSound,27,Alpha,2.8487438156843714
2,chan81-chan82,Involuntary_OutcomeOnsetReportSound,28,Alpha,3.1809505595949408
2,chan81-chan82,Involuntary_OutcomeOnsetReportSound,29,Alpha,3.200884047355388
2,chan81-chan82,Involuntary_OutcomeOnsetReportSound,30,Alpha,5.8832641055944235
2,chan81-chan82,Involuntary_OutcomeOnsetReportSound,31,Alpha,4.2639489756582964
2,chan81-chan82,Involuntary_OutcomeOnsetReportSound,32,Alpha,1.9137174567572082
2,chan81-chan82,Involuntary_OutcomeOnsetReportSound,33,Alpha,6.1214092013306995
2,chan81-chan82,Involuntary_OutcomeOnsetReportSound,34,Alpha,0.45044529241710524
2,chan81-chan82,Involuntary_OutcomeOnsetReportSound,35,Alpha,0.5021757241644715
2,chan81-chan82,Involuntary_OutcomeOnsetReportSound,36,Alpha,1.5108561132398899
2,chan81-chan82,Involuntary_OutcomeOnsetReportSound,37,Alpha,5.726975999585853
2,chan81-chan82,Involuntary_OutcomeOnsetReportSound,38,Alpha,6.014338695626867
2,chan81-chan82,Involuntary_OutcomeOnsetReportSound,39,Alpha,2.3626816725933897
2,chan81-chan82,Involuntary_OutcomeOnsetReportSound,40,Alpha,1.1154495028946692
2,chan81-chan82,Involuntary_OutcomeOnsetReportSound,41,Alpha,6.24084259022515
2,chan81-chan82,Involuntary_OutcomeOnsetReportSound,42,Alpha,4.322168392439002
2,chan81-chan82,Involuntary_OutcomeOnsetReportSound,43,Alpha,4.376228127532525
2,chan81-chan82,Involuntary_OutcomeOnsetReportSound,44,Alpha,1.2791430642254222
2,chan81-chan82,Involuntary_OutcomeOnsetReportSound,45,Alpha,4.5136291499612025
2,chan81-chan82,Involuntary_OutcomeOnsetReportSound,46,Alpha,0.2086191003254002
2,chan81-chan82,Involuntary_OutcomeOnsetReportSound,47,Alpha,1.3986659574210965
2,chan81-chan82,Involuntary_OutcomeOnsetReportSound,48,Alpha,6.2418777978342534
2,chan81-chan82,Involuntary_OutcomeOnsetReportSound,49,Alpha,5.5389364433441735
2,chan81-chan82,Involuntary_OutcomeOnsetReportSound,50,Alpha,4.480908651757788
2,chan81-chan82,Involuntary_OutcomeOnsetReportSound,51,Alpha,1.229876499596159
2,chan81-chan82,Involuntary_OutcomeOnsetReportSound,52,Alpha,2.723883485716789
2,chan81-chan82,Involuntary_OutcomeOnsetReportSound,53,Alpha,1.988156707328104
2,chan81-chan82,Involuntary_OutcomeOnsetReportSound,54,Alpha,4.104047384383863
2,chan81-chan82,Involuntary_OutcomeOnsetReportSound,55,Alpha,3.20840860327122
2,chan81-chan82,Involuntary_OutcomeOnsetReportSound,56,Alpha,5.727113579180094
2,chan81-chan82,Involuntary_OutcomeOnsetReportSound,57,Alpha,5.8388173578083435
2,chan81-chan82,Involuntary_OutcomeOnsetReportSound,58,Alpha,6.012169235543481
2,chan81-chan82,Involuntary_OutcomeOnsetReportSound,1,Beta,3.219102237005867
2,chan81-chan82,Involuntary_OutcomeOnsetReportSound,2,Beta,3.5853097988134333
2,chan81-chan82,Involuntary_OutcomeOnsetReportSound,3,Beta,3.0951239068075385
2,chan81-chan82,Involuntary_OutcomeOnsetReportSound,4,Beta,5.109544701782605
2,chan81-chan82,Involuntary_OutcomeOnsetReportSound,5,Beta,0.2024794734070521
2,chan81-chan82,Involuntary_OutcomeOnsetReportSound,6,Beta,0.7839351419027227
2,chan81-chan82,Involuntary_OutcomeOnsetReportSound,7,Beta,0.14417403660968375
2,chan81-chan82,Involuntary_OutcomeOnsetReportSound,8,Beta,6.142202102360045
2,chan81-chan82,Involuntary_OutcomeOnsetReportSound,9,Beta,1.7819518490522552
2,chan81-chan82,Involuntary_OutcomeOnsetReportSound,10,Beta,0.6536919446702758
2,chan81-chan82,Involuntary_OutcomeOnsetReportSound,11,Beta,3.5399794018680453
2,chan81-chan82,Involuntary_OutcomeOnsetReportSound,12,Beta,2.633614828704464
2,chan81-chan82,Involuntary_OutcomeOnsetReportSound,13,Beta,6.079186684727096
2,chan81-chan82,Involuntary_OutcomeOnsetReportSound,14,Beta,0.14615613827749965
2,chan81-chan82,Involuntary_OutcomeOnsetReportSound,15,Beta,3.4988766330498735
2,chan81-chan82,Involuntary_OutcomeOnsetReportSound,16,Beta,0.07879093888889059
2,chan81-chan82,Involuntary_OutcomeOnsetReportSound,17,Beta,2.536623940001675
2,chan81-chan82,Involuntary_OutcomeOnsetReportSound,18,Beta,1.8533426661980024
2,chan81-chan82,Involuntary_OutcomeOnsetReportSound,19,Beta,4.375848201281809
2,chan81-chan82,Involuntary_OutcomeOnsetReportSound,20,Beta,3.6233397662527103
2,chan81-chan82,Involuntary_OutcomeOnsetReportSound,21,Beta,2.567601188821381
2,chan81-chan82,Involuntary_OutcomeOnsetReportSound,22,Beta,5.789649446983634
2,chan81-chan82,Involuntary_OutcomeOnsetReportSound,23,Beta,1.059063151099753
2,chan81-chan82,Involuntary_OutcomeOnsetReportSound,24,Beta,2.2091896055142763
2,chan81-chan82,Involuntary_OutcomeOnsetReportSound,25,Beta,4.004420171054749
2,chan81-chan82,Involuntary_OutcomeOnsetReportSound,26,Beta,0.7871284653428519
2,chan81-chan82,Involuntary_OutcomeOnsetReportSound,27,Beta,2.995060882724263
2,chan81-chan82,Involuntary_OutcomeOnsetReportSound,28,Beta,2.2987197359212366
2,chan81-chan82,Involuntary_OutcomeOnsetReportSound,29,Beta,6.187607547841186
2,chan81-chan82,Involuntary_OutcomeOnsetReportSound,30,Beta,2.5588512348424333
2,chan81-chan82,Involuntary_OutcomeOnsetReportSound,31,Beta,3.2492846536647018
2,chan81-chan82,Involuntary_OutcomeOnsetReportSound,32,Beta,1.4970324240451123
2,chan81-chan82,Involuntary_OutcomeOnsetReportSound,33,Beta,0.8248051259178895
2,chan81-chan82,Involuntary_OutcomeOnsetReportSound,34,Beta,5.431146025858405
2,chan81-chan82,Involuntary_OutcomeOnsetReportSound,35,Beta,5.194813963814502
2,chan81-chan82,Involuntary_OutcomeOnsetReportSound,36,Beta,0.22495433294325973
2,chan81-chan82,Involuntary_OutcomeOnsetReportSound,37,Beta,5.473295263859411
2,chan81-chan82,Involuntary_OutcomeOnsetReportSound,38,Beta,2.1237080815542306
2,chan81-chan82,Involuntary_OutcomeOnsetReportSound,39,Beta,0.603470941004016
2,chan81-chan82,Involuntary_OutcomeOnsetReportSound,40,Beta,4.94988227840938
2,chan81-chan82,Involuntary_OutcomeOnsetReportSound,41,Beta,6.042697544698346
2,chan81-chan82,Involuntary_OutcomeOnsetReportSound,42,Beta,3.501301911768133
2,chan81-chan82,Involuntary_OutcomeOnsetReportSound,43,Beta,5.841930589646777
2,chan81-chan82,Involuntary_OutcomeOnsetReportSound,44,Beta,0.6912860838526701
2,chan81-chan82,Involuntary_OutcomeOnsetReportSound,45,Beta,2.103271636383389
2,chan81-chan82,Involuntary_OutcomeOnsetReportSound,46,Beta,0.7142933272182699
2,chan81-chan82,Involuntary_OutcomeOnsetReportSound,47,Beta,3.2633741758605743
2,chan81-chan82,Involuntary_OutcomeOnsetReportSound,48,Beta,4.330660693037539
2,chan81-chan82,Involuntary_OutcomeOnsetReportSound,49,Beta,0.33396444459348007
2,chan81-chan82,Involuntary_OutcomeOnsetReportSound,50,Beta,4.263645129564744
2,chan81-chan82,Involuntary_OutcomeOnsetReportSound,51,Beta,3.845427340985263
2,chan81-chan82,Involuntary_OutcomeOnsetReportSound,52,Beta,1.5223293676941607
2,chan81-chan82,Involuntary_OutcomeOnsetReportSound,53,Beta,0.7648271726820315
2,chan81-chan82,Involuntary_OutcomeOnsetReportSound,54,Beta,4.9759918147112625
2,chan81-chan82,Involuntary_OutcomeOnsetReportSound,55,Beta,4.079732658378093
2,chan81-chan82,Involuntary_OutcomeOnsetReportSound,56,Beta,4.793251726508105
2,chan81-chan82,Involuntary_OutcomeOnsetReportSound,57,Beta,2.199763881173058
2,chan81-chan82,Involuntary_OutcomeOnsetReportSound,58,Beta,0.6669984546766421
2,chan81-chan82,Involuntary_OutcomeOnsetReportSound,1,Gamma,6.088809047950862
2,chan81-chan82,Involuntary_OutcomeOnsetReportSound,2,Gamma,2.0984162235675674
2,chan81-chan82,Involuntary_OutcomeOnsetReportSound,3,Gamma,3.3989554838061578
2,chan81-chan82,Involuntary_OutcomeOnsetReportSound,4,Gamma,0.9482080114212342
2,chan81-chan82,Involuntary_OutcomeOnsetReportSound,5,Gamma,5.602407709052007
2,chan81-chan82,Involuntary_OutcomeOnsetReportSound,6,Gamma,2.84946462270229
2,chan81-chan82,Involuntary_OutcomeOnsetReportSound,7,Gamma,3.978940327217565
2,chan81-chan82,Involuntary_OutcomeOnsetReportSound,8,Gamma,2.743185470202475
2,chan81-chan82,Involuntary_OutcomeOnsetReportSound,9,Gamma,4.755869441164969
2,chan81-chan82,Involuntary_OutcomeOnsetReportSound,10,Gamma,4.042005601752816
2,chan81-chan82,Involuntary_OutcomeOnsetReportSound,11,Gamma,0.7247925252000941
2,chan81-chan82,Involuntary_OutcomeOnsetReportSound,12,Gamma,1.7893664485062244
2,chan81-chan82,Involuntary_OutcomeOnsetReportSound,13,Gamma,2.5708842307715543
2,chan81-chan82,Involuntary_OutcomeOnsetReportSound,14,Gamma,1.1302695960793183
2,chan81-chan82,Involuntary_OutcomeOnsetReportSound,15,Gamma,4.465785328408445
2,chan81-chan82,Involuntary_OutcomeOnsetReportSound,16,Gamma,5.226550619804973
2,chan81-chan82,Involuntary_OutcomeOnsetReportSound,17,Gamma,4.203942105721529
2,chan81-chan82,Involuntary_OutcomeOnsetReportSound,18,Gamma,3.9271879536209426
2,chan81-chan82,Involuntary_OutcomeOnsetReportSound,19,Gamma,3.279934690290866
2,chan81-chan82,Involuntary_OutcomeOnsetReportSound,20,Gamma,2.711039273771262
2,chan81-chan82,Involuntary_OutcomeOnsetReportSound,21,Gamma,5.328370696249257
2,chan81-chan82,Involuntary_OutcomeOnsetReportSound,22,Gamma,5.357366609081907
2,chan81-chan82,Involuntary_OutcomeOnsetReportSound,23,Gamma,3.9521703698114656
2,chan81-chan82,Involuntary_OutcomeOnsetReportSound,24,Gamma,2.8355806666204
2,chan81-chan82,Involuntary_OutcomeOnsetReportSound,25,Gamma,1.5018256445470308
2,chan81-chan82,Involuntary_OutcomeOnsetReportSound,26,Gamma,4.550974560678114
2,chan81-chan82,Involuntary_OutcomeOnsetReportSound,27,Gamma,1.6779959791551127
2,chan81-chan82,Involuntary_OutcomeOnsetReportSound,28,Gamma,4.732887729780854
2,chan81-chan82,Involuntary_OutcomeOnsetReportSound,29,Gamma,0.747234444511564
2,chan81-chan82,Involuntary_OutcomeOnsetReportSound,30,Gamma,3.800933854984122
2,chan81-chan82,Involuntary_OutcomeOnsetReportSound,31,Gamma,5.547481265203946
2,chan81-chan82,Involuntary_OutcomeOnsetReportSound,32,Gamma,3.1221470683054835
2,chan81-chan82,Involuntary_OutcomeOnsetReportSound,33,Gamma,3.7933119101457584
2,chan81-chan82,Involuntary_OutcomeOnsetReportSound,34,Gamma,3.3598236868400795
2,chan81-chan82,Involuntary_OutcomeOnsetReportSound,35,Gamma,4.090610104237866
2,chan81-chan82,Involuntary_OutcomeOnsetReportSound,36,Gamma,2.2525906242378086
2,chan81-chan82,Involuntary_OutcomeOnsetReportSound,37,Gamma,3.6242864673204043
2,chan81-chan82,Involuntary_OutcomeOnsetReportSound,38,Gamma,2.6512635294854676
2,chan81-chan82,Involuntary_OutcomeOnsetReportSound,39,Gamma,2.4140411682488683
2,chan81-chan82,Involuntary_OutcomeOnsetReportSound,40,Gamma,5.471799190683021
2,chan81-chan82,Involuntary_OutcomeOnsetReportSound,41,Gamma,1.177291975975866
2,chan81-chan82,Involuntary_OutcomeOnsetReportSound,42,Gamma,3.07239685904591
2,chan81-chan82,Involuntary_OutcomeOnsetReportSound,43,Gamma,0.7141980636367444
2,chan81-chan82,Involuntary_OutcomeOnsetReportSound,44,Gamma,3.7976486640284834
2,chan81-chan82,Involuntary_OutcomeOnsetReportSound,45,Gamma,1.7124200699292744
2,chan81-chan82,Involuntary_OutcomeOnsetReportSound,46,Gamma,2.377634784440868
2,chan81-chan82,Involuntary_OutcomeOnsetReportSound,47,Gamma,4.785360343768233
2,chan81-chan82,Involuntary_OutcomeOnsetReportSound,48,Gamma,5.003198886279986
2,chan81-chan82,Involuntary_OutcomeOnsetReportSound,49,Gamma,1.3532565681109248
2,chan81-chan82,Involuntary_OutcomeOnsetReportSound,50,Gamma,3.54916518017225
2,chan81-chan82,Involuntary_OutcomeOnsetReportSound,51,Gamma,5.566573006534556
2,chan81-chan82,Involuntary_OutcomeOnsetReportSound,52,Gamma,2.712498858615874
2,chan81-chan82,Involuntary_OutcomeOnsetReportSound,53,Gamma,3.541337474797678
2,chan81-chan82,Involuntary_OutcomeOnsetReportSound,54,Gamma,2.0227100543812813
2,chan81-chan82,Involuntary_OutcomeOnsetReportSound,55,Gamma,5.64222166504888
2,chan81-chan82,Involuntary_OutcomeOnsetReportSound,56,Gamma,5.791525021553976
2,chan81-chan82,Involuntary_OutcomeOnsetReportSound,57,Gamma,3.8740050984210828
2,chan81-chan82,Involuntary_OutcomeOnsetReportSound,58,Gamma,5.156361562378093
2,chan81-chan82,Voluntary_OutcomeOnsetReportSound,1,Delta,4.001458947193658
2,chan81-chan82,Voluntary_OutcomeOnsetReportSound,2,Delta,5.2138729432466215
2,chan81-chan82,Voluntary_OutcomeOnsetReportSound,3,Delta,1.112254840892264
2,chan81-chan82,Voluntary_OutcomeOnsetReportSound,4,Delta,4.2150066130783035
2,chan81-chan82,Voluntary_OutcomeOnsetReportSound,5,Delta,2.211165423981452
2,chan81-chan82,Voluntary_OutcomeOnsetReportSound,6,Delta,1.4171349535321534
2,chan81-chan82,Voluntary_OutcomeOnsetReportSound,7,Delta,3.156406466981475
2,chan81-chan82,Voluntary_OutcomeOnsetReportSound,8,Delta,4.445918374554933
2,chan81-chan82,Voluntary_OutcomeOnsetReportSound,9,Delta,3.3471148613596355
2,chan81-chan82,Voluntary_OutcomeOnsetReportSound,10,Delta,5.547206029707279
2,chan81-chan82,Voluntary_OutcomeOnsetReportSound,11,Delta,3.739796628176195
2,chan81-chan82,Voluntary_OutcomeOnsetReportSound,12,Delta,2.0466519630745648
2,chan81-chan82,Voluntary_OutcomeOnsetReportSound,13,Delta,3.854763896820207
2,chan81-chan82,Voluntary_OutcomeOnsetReportSound,14,Delta,3.4179582674881677
2,chan81-chan82,Voluntary_OutcomeOnsetReportSound,15,Delta,5.191738126854053
2,chan81-chan82,Voluntary_OutcomeOnsetReportSound,16,Delta,3.7960126371652216
2,chan81-chan82,Voluntary_OutcomeOnsetReportSound,17,Delta,3.6040641076952644
2,chan81-chan82,Voluntary_OutcomeOnsetReportSound,18,Delta,2.0107841053147464
2,chan81-chan82,Voluntary_OutcomeOnsetReportSound,19,Delta,2.790652864697495
2,chan81-chan82,Voluntary_OutcomeOnsetReportSound,20,Delta,1.8935285595429094
2,chan81-chan82,Voluntary_OutcomeOnsetReportSound,21,Delta,5.57344734205107
2,chan81-chan82,Voluntary_OutcomeOnsetReportSound,22,Delta,1.923635310495811
2,chan81-chan82,Voluntary_OutcomeOnsetReportSound,23,Delta,0.8471504898355807
2,chan81-chan82,Voluntary_OutcomeOnsetReportSound,24,Delta,3.37598746941656
2,chan81-chan82,Voluntary_OutcomeOnsetReportSound,25,Delta,4.339430408141506
2,chan81-chan82,Voluntary_OutcomeOnsetReportSound,26,Delta,2.0345698327390984
2,chan81-chan82,Voluntary_OutcomeOnsetReportSound,27,Delta,3.5413327642530064
2,chan81-chan82,Voluntary_OutcomeOnsetReportSound,28,Delta,5.454656874273134
2,chan81-chan82,Voluntary_OutcomeOnsetReportSound,29,Delta,2.255659512922391
2,chan81-chan82,Voluntary_OutcomeOnsetReportSound,30,Delta,4.649036508133889
2,chan81-chan82,Voluntary_OutcomeOnsetReportSound,31,Delta,2.2096033830567148
2,chan81-chan82,Voluntary_OutcomeOnsetReportSound,32,Delta,1.514151737310443
2,chan81-chan82,Voluntary_OutcomeOnsetReportSound,33,Delta,1.1679836429183656
2,chan81-chan82,Voluntary_OutcomeOnsetReportSound,34,Delta,2.863158852820173
2,chan81-chan82,Voluntary_OutcomeOnsetReportSound,35,Delta,3.5410734364610463
2,chan81-chan82,Voluntary_OutcomeOnsetReportSound,36,Delta,4.672726429024655
2,chan81-chan82,Voluntary_OutcomeOnsetReportSound,37,Delta,1.210913112671126
2,chan81-chan82,Voluntary_OutcomeOnsetReportSound,38,Delta,4.331544268328541
2,chan81-chan82,Voluntary_OutcomeOnsetReportSound,39,Delta,4.8659604489933495
2,chan81-chan82,Voluntary_OutcomeOnsetReportSound,40,Delta,1.9033408661806532
2,chan81-chan82,Voluntary_OutcomeOnsetReportSound,41,Delta,1.7676919152679402
2,chan81-chan82,Voluntary_OutcomeOnsetReportSound,42,Delta,3.847631309353178
2,chan81-chan82,Voluntary_OutcomeOnsetReportSound,43,Delta,4.04752931382547
2,chan81-chan82,Voluntary_OutcomeOnsetReportSound,44,Delta,3.2757250064244867
2,chan81-chan82,Voluntary_OutcomeOnsetReportSound,45,Delta,4.302255818241647
2,chan81-chan82,Voluntary_OutcomeOnsetReportSound,46,Delta,0.9650141472791267
2,chan81-chan82,Voluntary_OutcomeOnsetReportSound,47,Delta,2.6304382462959
2,chan81-chan82,Voluntary_OutcomeOnsetReportSound,48,Delta,2.399945032028936
2,chan81-chan82,Voluntary_OutcomeOnsetReportSound,49,Delta,0.6643644344120689
2,chan81-chan82,Voluntary_OutcomeOnsetReportSound,50,Delta,4.111833358252742
2,chan81-chan82,Voluntary_OutcomeOnsetReportSound,51,Delta,5.991890445107849
2,chan81-chan82,Voluntary_OutcomeOnsetReportSound,52,Delta,5.783266429926998
2,chan81-chan82,Voluntary_OutcomeOnsetReportSound,53,Delta,4.0896199499047405
2,chan81-chan82,Voluntary_OutcomeOnsetReportSound,54,Delta,1.5728026791463983
2,chan81-chan82,Voluntary_OutcomeOnsetReportSound,55,Delta,1.3801768798625378
2,chan81-chan82,Voluntary_OutcomeOnsetReportSound,56,Delta,5.027650459351199
2,chan81-chan82,Voluntary_OutcomeOnsetReportSound,57,Delta,2.0734688631192637
2,chan81-chan82,Voluntary_OutcomeOnsetReportSound,58,Delta,3.657145959721791
2,chan81-chan82,Voluntary_OutcomeOnsetReportSound,59,Delta,1.007018235306731
2,chan81-chan82,Voluntary_OutcomeOnsetReportSound,60,Delta,1.343625144402031
2,chan81-chan82,Voluntary_OutcomeOnsetReportSound,1,Theta,3.5400735538723165
2,chan81-chan82,Voluntary_OutcomeOnsetReportSound,2,Theta,5.517993280888079
2,chan81-chan82,Voluntary_OutcomeOnsetReportSound,3,Theta,0.744182983519638
2,chan81-chan82,Voluntary_OutcomeOnsetReportSound,4,Theta,4.584288909295092
2,chan81-chan82,Voluntary_OutcomeOnsetReportSound,5,Theta,2.2034081530015905
2,chan81-chan82,Voluntary_OutcomeOnsetReportSound,6,Theta,4.589806277369693
2,chan81-chan82,Voluntary_OutcomeOnsetReportSound,7,Theta,3.1960312644000313
2,chan81-chan82,Voluntary_OutcomeOnsetReportSound,8,Theta,3.9626951806273722
2,chan81-chan82,Voluntary_OutcomeOnsetReportSound,9,Theta,3.686320148375199
2,chan81-chan82,Voluntary_OutcomeOnsetReportSound,10,Theta,2.4820163907324115
2,chan81-chan82,Voluntary_OutcomeOnsetReportSound,11,Theta,2.76098235402753
2,chan81-chan82,Voluntary_OutcomeOnsetReportSound,12,Theta,2.14873063302019
2,chan81-chan82,Voluntary_OutcomeOnsetReportSound,13,Theta,3.3998721698970877
2,chan81-chan82,Voluntary_OutcomeOnsetReportSound,14,Theta,3.4576952296446963
2,chan81-chan82,Voluntary_OutcomeOnsetReportSound,15,Theta,5.079416347166751
2,chan81-chan82,Voluntary_OutcomeOnsetReportSound,16,Theta,3.7603776731620466
2,chan81-chan82,Voluntary_OutcomeOnsetReportSound,17,Theta,5.59726463189499
2,chan81-chan82,Voluntary_OutcomeOnsetReportSound,18,Theta,2.5468034201257264
2,chan81-chan82,Voluntary_OutcomeOnsetReportSound,19,Theta,2.5427196245130324
2,chan81-chan82,Voluntary_OutcomeOnsetReportSound,20,Theta,2.0400204863625837
2,chan81-chan82,Voluntary_OutcomeOnsetReportSound,21,Theta,4.419111831260777
2,chan81-chan82,Voluntary_OutcomeOnsetReportSound,22,Theta,1.472378133487429
2,chan81-chan82,Voluntary_OutcomeOnsetReportSound,23,Theta,0.9599035903050535
2,chan81-chan82,Voluntary_OutcomeOnsetReportSound,24,Theta,3.51863690131377
2,chan81-chan82,Voluntary_OutcomeOnsetReportSound,25,Theta,3.9569111542630617
2,chan81-chan82,Voluntary_OutcomeOnsetReportSound,26,Theta,2.1378867715817993
2,chan81-chan82,Voluntary_OutcomeOnsetReportSound,27,Theta,3.7399745416888592
2,chan81-chan82,Voluntary_OutcomeOnsetReportSound,28,Theta,3.8792704623736607
2,chan81-chan82,Voluntary_OutcomeOnsetReportSound,29,Theta,2.2312009286260643
2,chan81-chan82,Voluntary_OutcomeOnsetReportSound,30,Theta,1.3788242769328065
2,chan81-chan82,Voluntary_OutcomeOnsetReportSound,31,Theta,2.8138028767278778
2,chan81-chan82,Voluntary_OutcomeOnsetReportSound,32,Theta,1.4204805375070562
2,chan81-chan82,Voluntary_OutcomeOnsetReportSound,33,Theta,0.3877812200964037
2,chan81-chan82,Voluntary_OutcomeOnsetReportSound,34,Theta,2.1500208284211357
2,chan81-chan82,Voluntary_OutcomeOnsetReportSound,35,Theta,3.9854142478514567
2,chan81-chan82,Voluntary_OutcomeOnsetReportSound,36,Theta,5.120493701852315
2,chan81-chan82,Voluntary_OutcomeOnsetReportSound,37,Theta,1.1312935025729305
2,chan81-chan82,Voluntary_OutcomeOnsetReportSound,38,Theta,3.314598050790718
2,chan81-chan82,Voluntary_OutcomeOnsetReportSound,39,Theta,5.195632998754429
2,chan81-chan82,Voluntary_OutcomeOnsetReportSound,40,Theta,1.8794984208385055
2,chan81-chan82,Voluntary_OutcomeOnsetReportSound,41,Theta,1.7420071636371321
2,chan81-chan82,Voluntary_OutcomeOnsetReportSound,42,Theta,2.907222524767139
2,chan81-chan82,Voluntary_OutcomeOnsetReportSound,43,Theta,2.063612196294734
2,chan81-chan82,Voluntary_OutcomeOnsetReportSound,44,Theta,2.9780397943454044
2,chan81-chan82,Voluntary_OutcomeOnsetReportSound,45,Theta,3.5893877690444307
2,chan81-chan82,Voluntary_OutcomeOnsetReportSound,46,Theta,0.930154551719313
2,chan81-chan82,Voluntary_OutcomeOnsetReportSound,47,Theta,2.1294442359980175
2,chan81-chan82,Voluntary_OutcomeOnsetReportSound,48,Theta,2.5441399719750937
2,chan81-chan82,Voluntary_OutcomeOnsetReportSound,49,Theta,0.6863274448214238
2,chan81-chan82,Voluntary_OutcomeOnsetReportSound,50,Theta,4.047265142815332
2,chan81-chan82,Voluntary_OutcomeOnsetReportSound,51,Theta,5.608810858123454
2,chan81-chan82,Voluntary_OutcomeOnsetReportSound,52,Theta,5.553370021370588
2,chan81-chan82,Voluntary_OutcomeOnsetReportSound,53,Theta,3.707382787912263
2,chan81-chan82,Voluntary_OutcomeOnsetReportSound,54,Theta,4.164032371429345
2,chan81-chan82,Voluntary_OutcomeOnsetReportSound,55,Theta,1.7611127598622325
2,chan81-chan82,Voluntary_OutcomeOnsetReportSound,56,Theta,5.999696475370141
2,chan81-chan82,Voluntary_OutcomeOnsetReportSound,57,Theta,2.085709898031774
2,chan81-chan82,Voluntary_OutcomeOnsetReportSound,58,Theta,3.614717408192669
2,chan81-chan82,Voluntary_OutcomeOnsetReportSound,59,Theta,1.2007434400849462
2,chan81-chan82,Voluntary_OutcomeOnsetReportSound,60,Theta,0.7654579283948985
2,chan81-chan82,Voluntary_OutcomeOnsetReportSound,1,Alpha,4.317655037192322
2,chan81-chan82,Voluntary_OutcomeOnsetReportSound,2,Alpha,0.9431638116709494
2,chan81-chan82,Voluntary_OutcomeOnsetReportSound,3,Alpha,4.738298903337148
2,chan81-chan82,Voluntary_OutcomeOnsetReportSound,4,Alpha,4.705336613866508
2,chan81-chan82,Voluntary_OutcomeOnsetReportSound,5,Alpha,4.427639792921494
2,chan81-chan82,Voluntary_OutcomeOnsetReportSound,6,Alpha,0.2266695818603914
2,chan81-chan82,Voluntary_OutcomeOnsetReportSound,7,Alpha,0.4837497356233576
2,chan81-chan82,Voluntary_OutcomeOnsetReportSound,8,Alpha,4.3410926652505015
2,chan81-chan82,Voluntary_OutcomeOnsetReportSound,9,Alpha,3.0699647727481905
2,chan81-chan82,Voluntary_OutcomeOnsetReportSound,10,Alpha,5.0908147752332
2,chan81-chan82,Voluntary_OutcomeOnsetReportSound,11,Alpha,2.6015047934874715
2,chan81-chan82,Voluntary_OutcomeOnsetReportSound,12,Alpha,5.358134488831378
2,chan81-chan82,Voluntary_OutcomeOnsetReportSound,13,Alpha,5.235377466753025
2,chan81-chan82,Voluntary_OutcomeOnsetReportSound,14,Alpha,0.8187961815025929
2,chan81-chan82,Voluntary_OutcomeOnsetReportSound,15,Alpha,4.098702805783283
2,chan81-chan82,Voluntary_OutcomeOnsetReportSound,16,Alpha,3.2503661372712513
2,chan81-chan82,Voluntary_OutcomeOnsetReportSound,17,Alpha,5.573352523734698
2,chan81-chan82,Voluntary_OutcomeOnsetReportSound,18,Alpha,3.725966382728268
2,chan81-chan82,Voluntary_OutcomeOnsetReportSound,19,Alpha,2.6623340264693627
2,chan81-chan82,Voluntary_OutcomeOnsetReportSound,20,Alpha,1.7090399850096938
2,chan81-chan82,Voluntary_OutcomeOnsetReportSound,21,Alpha,4.142561015837975
2,chan81-chan82,Voluntary_OutcomeOnsetReportSound,22,Alpha,1.165676040987942
2,chan81-chan82,Voluntary_OutcomeOnsetReportSound,23,Alpha,4.89619633812035
2,chan81-chan82,Voluntary_OutcomeOnsetReportSound,24,Alpha,4.18851997725429
2,chan81-chan82,Voluntary_OutcomeOnsetReportSound,25,Alpha,0.43592721052119665
2,chan81-chan82,Voluntary_OutcomeOnsetReportSound,26,Alpha,5.605883534289968
2,chan81-chan82,Voluntary_OutcomeOnsetReportSound,27,Alpha,1.381842207753757
2,chan81-chan82,Voluntary_OutcomeOnsetReportSound,28,Alpha,4.436548936353292
2,chan81-chan82,Voluntary_OutcomeOnsetReportSound,29,Alpha,1.9552099403540453
2,chan81-chan82,Voluntary_OutcomeOnsetReportSound,30,Alpha,0.9122483898728018
2,chan81-chan82,Voluntary_OutcomeOnsetReportSound,31,Alpha,5.848221852918636
2,chan81-chan82,Voluntary_OutcomeOnsetReportSound,32,Alpha,0.5832664117998713
2,chan81-chan82,Voluntary_OutcomeOnsetReportSound,33,Alpha,0.8744006546112149
2,chan81-chan82,Voluntary_OutcomeOnsetReportSound,34,Alpha,3.7730219684030204
2,chan81-chan82,Voluntary_OutcomeOnsetReportSound,35,Alpha,3.421723464099964
2,chan81-chan82,Voluntary_OutcomeOnsetReportSound,36,Alpha,4.835134963986793
2,chan81-chan82,Voluntary_OutcomeOnsetReportSound,37,Alpha,1.7807446112272856
2,chan81-chan82,Voluntary_OutcomeOnsetReportSound,38,Alpha,4.495779524732284
2,chan81-chan82,Voluntary_OutcomeOnsetReportSound,39,Alpha,4.992469102684047
2,chan81-chan82,Voluntary_OutcomeOnsetReportSound,40,Alpha,2.8221823235141468
2,chan81-chan82,Voluntary_OutcomeOnsetReportSound,41,Alpha,3.620844745315611
2,chan81-chan82,Voluntary_OutcomeOnsetReportSound,42,Alpha,3.5932795094223433
2,chan81-chan82,Voluntary_OutcomeOnsetReportSound,43,Alpha,0.19057853928266158
2,chan81-chan82,Voluntary_OutcomeOnsetReportSound,44,Alpha,3.823616933925124
2,chan81-chan82,Voluntary_OutcomeOnsetReportSound,45,Alpha,2.336971702335065
2,chan81-chan82,Voluntary_OutcomeOnsetReportSound,46,Alpha,4.953388468470713
2,chan81-chan82,Voluntary_OutcomeOnsetReportSound,47,Alpha,4.269310352298232
2,chan81-chan82,Voluntary_OutcomeOnsetReportSound,48,Alpha,1.203079831111749
2,chan81-chan82,Voluntary_OutcomeOnsetReportSound,49,Alpha,0.9598987541434292
2,chan81-chan82,Voluntary_OutcomeOnsetReportSound,50,Alpha,1.6574914681889172
2,chan81-chan82,Voluntary_OutcomeOnsetReportSound,51,Alpha,4.9560944089151775
2,chan81-chan82,Voluntary_OutcomeOnsetReportSound,52,Alpha,6.2343150702500525
2,chan81-chan82,Voluntary_OutcomeOnsetReportSound,53,Alpha,4.755197252167843
2,chan81-chan82,Voluntary_OutcomeOnsetReportSound,54,Alpha,2.444594177649921
2,chan81-chan82,Voluntary_OutcomeOnsetReportSound,55,Alpha,2.4242634141985655
2,chan81-chan82,Voluntary_OutcomeOnsetReportSound,56,Alpha,3.559381747712765
2,chan81-chan82,Voluntary_OutcomeOnsetReportSound,57,Alpha,4.271354915315092
2,chan81-chan82,Voluntary_OutcomeOnsetReportSound,58,Alpha,5.415787814154884
2,chan81-chan82,Voluntary_OutcomeOnsetReportSound,59,Alpha,1.7641213485923706
2,chan81-chan82,Voluntary_OutcomeOnsetReportSound,60,Alpha,1.8932850933329608
2,chan81-chan82,Voluntary_OutcomeOnsetReportSound,1,Beta,3.824109171378905
2,chan81-chan82,Voluntary_OutcomeOnsetReportSound,2,Beta,0.9449709938853255
2,chan81-chan82,Voluntary_OutcomeOnsetReportSound,3,Beta,4.383935058469946
2,chan81-chan82,Voluntary_OutcomeOnsetReportSound,4,Beta,3.0869536864782
2,chan81-chan82,Voluntary_OutcomeOnsetReportSound,5,Beta,5.1467817275557035
2,chan81-chan82,Voluntary_OutcomeOnsetReportSound,6,Beta,3.970089399040092
2,chan81-chan82,Voluntary_OutcomeOnsetReportSound,7,Beta,2.264387547536571
2,chan81-chan82,Voluntary_OutcomeOnsetReportSound,8,Beta,3.9147266680445036
2,chan81-chan82,Voluntary_OutcomeOnsetReportSound,9,Beta,0.44831334156802294
2,chan81-chan82,Voluntary_OutcomeOnsetReportSound,10,Beta,0.025141363264602114
2,chan81-chan82,Voluntary_OutcomeOnsetReportSound,11,Beta,2.9515404696757175
2,chan81-chan82,Voluntary_OutcomeOnsetReportSound,12,Beta,2.7354844250028627
2,chan81-chan82,Voluntary_OutcomeOnsetReportSound,13,Beta,1.13332312530642
2,chan81-chan82,Voluntary_OutcomeOnsetReportSound,14,Beta,0.034560419080090436
2,chan81-chan82,Voluntary_OutcomeOnsetReportSound,15,Beta,3.8988144628530303
2,chan81-chan82,Voluntary_OutcomeOnsetReportSound,16,Beta,2.227883709239244
2,chan81-chan82,Voluntary_OutcomeOnsetReportSound,17,Beta,0.20748922536290518
2,chan81-chan82,Voluntary_OutcomeOnsetReportSound,18,Beta,4.357716419416166
2,chan81-chan82,Voluntary_OutcomeOnsetReportSound,19,Beta,2.878685939980351
2,chan81-chan82,Voluntary_OutcomeOnsetReportSound,20,Beta,5.0015452816462345
2,chan81-chan82,Voluntary_OutcomeOnsetReportSound,21,Beta,4.398712439137695
2,chan81-chan82,Voluntary_OutcomeOnsetReportSound,22,Beta,1.9902739680388541
2,chan81-chan82,Voluntary_OutcomeOnsetReportSound,23,Beta,5.914132289504677
2,chan81-chan82,Voluntary_OutcomeOnsetReportSound,24,Beta,2.504243774466941
2,chan81-chan82,Voluntary_OutcomeOnsetReportSound,25,Beta,5.193696602312343
2,chan81-chan82,Voluntary_OutcomeOnsetReportSound,26,Beta,3.975373616382745
2,chan81-chan82,Voluntary_OutcomeOnsetReportSound,27,Beta,1.017619513587051
2,chan81-chan82,Voluntary_OutcomeOnsetReportSound,28,Beta,4.980030604285499
2,chan81-chan82,Voluntary_OutcomeOnsetReportSound,29,Beta,3.5909856749704088
2,chan81-chan82,Voluntary_OutcomeOnsetReportSound,30,Beta,5.5403984670903
2,chan81-chan82,Voluntary_OutcomeOnsetReportSound,31,Beta,0.5885725698014644
2,chan81-chan82,Voluntary_OutcomeOnsetReportSound,32,Beta,1.6608940711121158
2,chan81-chan82,Voluntary_OutcomeOnsetReportSound,33,Beta,3.8969917603121824
2,chan81-chan82,Voluntary_OutcomeOnsetReportSound,34,Beta,5.660937932715467
2,chan81-chan82,Voluntary_OutcomeOnsetReportSound,35,Beta,2.3016537061270084
2,chan81-chan82,Voluntary_OutcomeOnsetReportSound,36,Beta,0.6307636691857686
2,chan81-chan82,Voluntary_OutcomeOnsetReportSound,37,Beta,2.8484286240289483
2,chan81-chan82,Voluntary_OutcomeOnsetReportSound,38,Beta,5.4132220195758
2,chan81-chan82,Voluntary_OutcomeOnsetReportSound,39,Beta,1.843233637894286
2,chan81-chan82,Voluntary_OutcomeOnsetReportSound,40,Beta,1.1967806352629577
2,chan81-chan82,Voluntary_OutcomeOnsetReportSound,41,Beta,0.5175402460533369
2,chan81-chan82,Voluntary_OutcomeOnsetReportSound,42,Beta,4.165532730644745
2,chan81-chan82,Voluntary_OutcomeOnsetReportSound,43,Beta,1.2525790155280636
2,chan81-chan82,Voluntary_OutcomeOnsetReportSound,44,Beta,3.2774153754687836
2,chan81-chan82,Voluntary_OutcomeOnsetReportSound,45,Beta,1.5807081134373067
2,chan81-chan82,Voluntary_OutcomeOnsetReportSound,46,Beta,5.473505455467745
2,chan81-chan82,Voluntary_OutcomeOnsetReportSound,47,Beta,3.8172836422557963
2,chan81-chan82,Voluntary_OutcomeOnsetReportSound,48,Beta,5.901085241479819
2,chan81-chan82,Voluntary_OutcomeOnsetReportSound,49,Beta,5.935880467604345
2,chan81-chan82,Voluntary_OutcomeOnsetReportSound,50,Beta,0.9010733839280433
2,chan81-chan82,Voluntary_OutcomeOnsetReportSound,51,Beta,0.09551387043077263
2,chan81-chan82,Voluntary_OutcomeOnsetReportSound,52,Beta,1.50613414093832
2,chan81-chan82,Voluntary_OutcomeOnsetReportSound,53,Beta,0.5007045249281359
2,chan81-chan82,Voluntary_OutcomeOnsetReportSound,54,Beta,1.3068860450380082
2,chan81-chan82,Voluntary_OutcomeOnsetReportSound,55,Beta,0.8005462810738309
2,chan81-chan82,Voluntary_OutcomeOnsetReportSound,56,Beta,3.0003760082507402
2,chan81-chan82,Voluntary_OutcomeOnsetReportSound,57,Beta,2.8798427208400517
2,chan81-chan82,Voluntary_OutcomeOnsetReportSound,58,Beta,0.33794792760291364
2,chan81-chan82,Voluntary_OutcomeOnsetReportSound,59,Beta,5.857413004110637
2,chan81-chan82,Voluntary_OutcomeOnsetReportSound,60,Beta,1.383586349495212
2,chan81-chan82,Voluntary_OutcomeOnsetReportSound,1,Gamma,6.18074586528639
2,chan81-chan82,Voluntary_OutcomeOnsetReportSound,2,Gamma,1.5730995779900407
2,chan81-chan82,Voluntary_OutcomeOnsetReportSound,3,Gamma,4.350406396055293
2,chan81-chan82,Voluntary_OutcomeOnsetReportSound,4,Gamma,0.294678027940833
2,chan81-chan82,Voluntary_OutcomeOnsetReportSound,5,Gamma,0.4719564943524849
2,chan81-chan82,Voluntary_OutcomeOnsetReportSound,6,Gamma,6.02405197475374
2,chan81-chan82,Voluntary_OutcomeOnsetReportSound,7,Gamma,3.7120464397697615
2,chan81-chan82,Voluntary_OutcomeOnsetReportSound,8,Gamma,0.7423727535271086
2,chan81-chan82,Voluntary_OutcomeOnsetReportSound,9,Gamma,4.3323300739289206
2,chan81-chan82,Voluntary_OutcomeOnsetReportSound,10,Gamma,2.1388082240344994
2,chan81-chan82,Voluntary_OutcomeOnsetReportSound,11,Gamma,5.637046805764682
2,chan81-chan82,Voluntary_OutcomeOnsetReportSound,12,Gamma,2.3562458443054486
2,chan81-chan82,Voluntary_OutcomeOnsetReportSound,13,Gamma,4.209332254103874
2,chan81-chan82,Voluntary_OutcomeOnsetReportSound,14,Gamma,4.8137343705723135
2,chan81-chan82,Voluntary_OutcomeOnsetReportSound,15,Gamma,0.43387607300065284
2,chan81-chan82,Voluntary_OutcomeOnsetReportSound,16,Gamma,2.8349360533305
2,chan81-chan82,Voluntary_OutcomeOnsetReportSound,17,Gamma,1.3418609124750853
2,chan81-chan82,Voluntary_OutcomeOnsetReportSound,18,Gamma,0.07103734099402902
2,chan81-chan82,Voluntary_OutcomeOnsetReportSound,19,Gamma,1.7175983997437207
2,chan81-chan82,Voluntary_OutcomeOnsetReportSound,20,Gamma,4.586555701674094
2,chan81-chan82,Voluntary_OutcomeOnsetReportSound,21,Gamma,4.020099290884378
2,chan81-chan82,Voluntary_OutcomeOnsetReportSound,22,Gamma,4.5549962359865805
2,chan81-chan82,Voluntary_OutcomeOnsetReportSound,23,Gamma,4.020846248470524
2,chan81-chan82,Voluntary_OutcomeOnsetReportSound,24,Gamma,4.557633443674294
2,chan81-chan82,Voluntary_OutcomeOnsetReportSound,25,Gamma,6.240152178042292
2,chan81-chan82,Voluntary_OutcomeOnsetReportSound,26,Gamma,2.276977382258796
2,chan81-chan82,Voluntary_OutcomeOnsetReportSound,27,Gamma,5.734930979184491
2,chan81-chan82,Voluntary_OutcomeOnsetReportSound,28,Gamma,6.18991923350949
2,chan81-chan82,Voluntary_OutcomeOnsetReportSound,29,Gamma,5.064791825084786
2,chan81-chan82,Voluntary_OutcomeOnsetReportSound,30,Gamma,2.9825794009177473
2,chan81-chan82,Voluntary_OutcomeOnsetReportSound,31,Gamma,2.626180810244299
2,chan81-chan82,Voluntary_OutcomeOnsetReportSound,32,Gamma,0.7784174042585312
2,chan81-chan82,Voluntary_OutcomeOnsetReportSound,33,Gamma,0.21782818615492275
2,chan81-chan82,Voluntary_OutcomeOnsetReportSound,34,Gamma,3.361849630435434
2,chan81-chan82,Voluntary_OutcomeOnsetReportSound,35,Gamma,0.46396135280273404
2,chan81-chan82,Voluntary_OutcomeOnsetReportSound,36,Gamma,4.2244326760284
2,chan81-chan82,Voluntary_OutcomeOnsetReportSound,37,Gamma,1.3321934628402206
2,chan81-chan82,Voluntary_OutcomeOnsetReportSound,38,Gamma,5.016063612273773
2,chan81-chan82,Voluntary_OutcomeOnsetReportSound,39,Gamma,1.9242849755741238
2,chan81-chan82,Voluntary_OutcomeOnsetReportSound,40,Gamma,1.546099573707584
2,chan81-chan82,Voluntary_OutcomeOnsetReportSound,41,Gamma,1.110122858587611
2,chan81-chan82,Voluntary_OutcomeOnsetReportSound,42,Gamma,4.684252842132206
2,chan81-chan82,Voluntary_OutcomeOnsetReportSound,43,Gamma,1.9588136771722175
2,chan81-chan82,Voluntary_OutcomeOnsetReportSound,44,Gamma,3.3331609659268016
2,chan81-chan82,Voluntary_OutcomeOnsetReportSound,45,Gamma,2.4565387141790356
2,chan81-chan82,Voluntary_OutcomeOnsetReportSound,46,Gamma,3.586062282124918
2,chan81-chan82,Voluntary_OutcomeOnsetReportSound,47,Gamma,3.2219361898559704
2,chan81-chan82,Voluntary_OutcomeOnsetReportSound,48,Gamma,5.584090438010065
2,chan81-chan82,Voluntary_OutcomeOnsetReportSound,49,Gamma,2.877173479779402
2,chan81-chan82,Voluntary_OutcomeOnsetReportSound,50,Gamma,6.0653135421759465
2,chan81-chan82,Voluntary_OutcomeOnsetReportSound,51,Gamma,0.9163994940299446
2,chan81-chan82,Voluntary_OutcomeOnsetReportSound,52,Gamma,2.711034451698358
2,chan81-chan82,Voluntary_OutcomeOnsetReportSound,53,Gamma,2.406916030621891
2,chan81-chan82,Voluntary_OutcomeOnsetReportSound,54,Gamma,4.4688961611818465
2,chan81-chan82,Voluntary_OutcomeOnsetReportSound,55,Gamma,0.8577747325495646
2,chan81-chan82,Voluntary_OutcomeOnsetReportSound,56,Gamma,1.3886334870576904
2,chan81-chan82,Voluntary_OutcomeOnsetReportSound,57,Gamma,3.3192815766348707
2,chan81-chan82,Voluntary_OutcomeOnsetReportSound,58,Gamma,3.270936778526324
2,chan81-chan82,Voluntary_OutcomeOnsetReportSound,59,Gamma,5.0136177405408375
2,chan81-chan82,Voluntary_OutcomeOnsetReportSound,60,Gamma,0.32924978644351627
4,chan10-chan11,Involuntary_OutcomeOnsetReportSound,1,Delta,2.882044601099477
4,chan10-chan11,Involuntary_OutcomeOnsetReportSound,2,Delta,3.015873931319183
4,chan10-chan11,Involuntary_OutcomeOnsetReportSound,3,Delta,0.5509836428141299
4,chan10-chan11,Involuntary_OutcomeOnsetReportSound,4,Delta,0.40926207989818886
4,chan10-chan11,Involuntary_OutcomeOnsetReportSound,5,Delta,2.275817460084142
4,chan10-chan11,Involuntary_OutcomeOnsetReportSound,6,Delta,5.754930499016811
4,chan10-chan11,Involuntary_OutcomeOnsetReportSound,7,Delta,2.0330936568800646
4,chan10-chan11,Involuntary_OutcomeOnsetReportSound,8,Delta,4.825379610348766
4,chan10-chan11,Involuntary_OutcomeOnsetReportSound,9,Delta,3.7483906449339726
4,chan10-chan11,Involuntary_OutcomeOnsetReportSound,10,Delta,0.3472499865507098
4,chan10-chan11,Involuntary_OutcomeOnsetReportSound,11,Delta,0.3022800585949075
4,chan10-chan11,Involuntary_OutcomeOnsetReportSound,12,Delta,1.8646963099193063
4,chan10-chan11,Involuntary_OutcomeOnsetReportSound,13,Delta,4.953067104526414
4,chan10-chan11,Involuntary_OutcomeOnsetReportSound,14,Delta,1.6283951075476546
4,chan10-chan11,Involuntary_OutcomeOnsetReportSound,15,Delta,4.269509140383227
4,chan10-chan11,Involuntary_OutcomeOnsetReportSound,16,Delta,0.9002180541624406
4,chan10-chan11,Involuntary_OutcomeOnsetReportSound,17,Delta,4.92923821194216
4,chan10-chan11,Involuntary_OutcomeOnsetReportSound,18,Delta,1.7297048292259192
4,chan10-chan11,Involuntary_OutcomeOnsetReportSound,19,Delta,4.749356046110844
4,chan10-chan11,Involuntary_OutcomeOnsetReportSound,20,Delta,5.493371466968671
4,chan10-chan11,Involuntary_OutcomeOnsetReportSound,21,Delta,1.2131581358716284
4,chan10-chan11,Involuntary_OutcomeOnsetReportSound,22,Delta,1.872745049859442
4,chan10-chan11,Involuntary_OutcomeOnsetReportSound,23,Delta,3.476056830765668
4,chan10-chan11,Involuntary_OutcomeOnsetReportSound,24,Delta,2.270998850716455
4,chan10-chan11,Involuntary_OutcomeOnsetReportSound,25,Delta,5.2049948982223775
4,chan10-chan11,Involuntary_OutcomeOnsetReportSound,26,Delta,3.4669336172715384
4,chan10-chan11,Involuntary_OutcomeOnsetReportSound,27,Delta,4.470833032600726
4,chan10-chan11,Involuntary_OutcomeOnsetReportSound,28,Delta,3.8897240833013647
4,chan10-chan11,Involuntary_OutcomeOnsetReportSound,29,Delta,1.6240515645558613
4,chan10-chan11,Involuntary_OutcomeOnsetReportSound,30,Delta,5.062854089240215
4,chan10-chan11,Involuntary_OutcomeOnsetReportSound,31,Delta,1.8843775611954487
4,chan10-chan11,Involuntary_OutcomeOnsetReportSound,32,Delta,2.1264141120162297
4,chan10-chan11,Involuntary_OutcomeOnsetReportSound,33,Delta,1.7033416708628488
4,chan10-chan11,Involuntary_OutcomeOnsetReportSound,34,Delta,5.323223228487514
4,chan10-chan11,Involuntary_OutcomeOnsetReportSound,35,Delta,5.194790485609221
4,chan10-chan11,Involuntary_OutcomeOnsetReportSound,36,Delta,1.6915376205238306
4,chan10-chan11,Involuntary_OutcomeOnsetReportSound,37,Delta,1.850094182606714
4,chan10-chan11,Involuntary_OutcomeOnsetReportSound,38,Delta,3.8060930939784843
4,chan10-chan11,Involuntary_OutcomeOnsetReportSound,39,Delta,4.724770410576065
4,chan10-chan11,Involuntary_OutcomeOnsetReportSound,40,Delta,5.075863030135363
4,chan10-chan11,Involuntary_OutcomeOnsetReportSound,41,Delta,1.4011039046934066
4,chan10-chan11,Involuntary_OutcomeOnsetReportSound,42,Delta,4.186015706228835
4,chan10-chan11,Involuntary_OutcomeOnsetReportSound,43,Delta,5.280471584137957
4,chan10-chan11,Involuntary_OutcomeOnsetReportSound,44,Delta,3.3945727408383006
4,chan10-chan11,Involuntary_OutcomeOnsetReportSound,45,Delta,1.0352536764250506
4,chan10-chan11,Involuntary_OutcomeOnsetReportSound,46,Delta,1.2567414899650065
4,chan10-chan11,Involuntary_OutcomeOnsetReportSound,47,Delta,1.6764517934780552
4,chan10-chan11,Involuntary_OutcomeOnsetReportSound,48,Delta,5.081460828893453
4,chan10-chan11,Involuntary_OutcomeOnsetReportSound,49,Delta,1.1355761869976395
4,chan10-chan11,Involuntary_OutcomeOnsetReportSound,50,Delta,1.8436401814095236
4,chan10-chan11,Involuntary_OutcomeOnsetReportSound,51,Delta,4.62725968386979
4,chan10-chan11,Involuntary_OutcomeOnsetReportSound,52,Delta,4.895800389655871
4,chan10-chan11,Involuntary_OutcomeOnsetReportSound,53,Delta,1.368207374909524
4,chan10-chan11,Involuntary_OutcomeOnsetReportSound,54,Delta,0.4535737057379283
4,chan10-chan11,Involuntary_OutcomeOnsetReportSound,55,Delta,1.595504532282406
4,chan10-chan11,Involuntary_OutcomeOnsetReportSound,56,Delta,5.179114037628179
4,chan10-chan11,Involuntary_OutcomeOnsetReportSound,57,Delta,0.41984346701014696
4,chan10-chan11,Involuntary_OutcomeOnsetReportSound,58,Delta,5.550881320627739
4,chan10-chan11,Involuntary_OutcomeOnsetReportSound,59,Delta,5.937315770795973
4,chan10-chan11,Involuntary_OutcomeOnsetReportSound,60,Delta,2.1304847615081295
4,chan10-chan11,Involuntary_OutcomeOnsetReportSound,1,Theta,2.8260389859487733
4,chan10-chan11,Involuntary_OutcomeOnsetReportSound,2,Theta,2.8864433504507487
4,chan10-chan11,Involuntary_OutcomeOnsetReportSound,3,Theta,0.33699273331632734
4,chan10-chan11,Involuntary_OutcomeOnsetReportSound,4,Theta,6.2768720768472015
4,chan10-chan11,Involuntary_OutcomeOnsetReportSound,5,Theta,3.7338185600107834
4,chan10-chan11,Involuntary_OutcomeOnsetReportSound,6,Theta,5.9309679846804375
4,chan10-chan11,Involuntary_OutcomeOnsetReportSound,7,Theta,2.482820442494446
4,chan10-chan11,Involuntary_OutcomeOnsetReportSound,8,Theta,5.146494538176141
4,chan10-chan11,Involuntary_OutcomeOnsetReportSound,9,Theta,3.7852795956418666
4,chan10-chan11,Involuntary_OutcomeOnsetReportSound,10,Theta,0.056439544868672364
4,chan10-chan11,Involuntary_OutcomeOnsetReportSound,11,Theta,5.899651792903984
4,chan10-chan11,Involuntary_OutcomeOnsetReportSound,12,Theta,2.315971440327826
4,chan10-chan11,Involuntary_OutcomeOnsetReportSound,13,Theta,0.2514639204202776
4,chan10-chan11,Involuntary_OutcomeOnsetReportSound,14,Theta,1.6786609282222382
4,chan10-chan11,Involuntary_OutcomeOnsetReportSound,15,Theta,4.741961567216779
4,chan10-chan11,Involuntary_OutcomeOnsetReportSound,16,Theta,0.6378276839614374
4,chan10-chan11,Involuntary_OutcomeOnsetReportSound,17,Theta,4.773970769236258
4,chan10-chan11,Involuntary_OutcomeOnsetReportSound,18,Theta,1.987106296934942
4,chan10-chan11,Involuntary_OutcomeOnsetReportSound,19,Theta,4.1757281849781664
4,chan10-chan11,Involuntary_OutcomeOnsetReportSound,20,Theta,6.23867783543138
4,chan10-chan11,Involuntary_OutcomeOnsetReportSound,21,Theta,1.6462997711713416
4,chan10-chan11,Involuntary_OutcomeOnsetReportSound,22,Theta,2.890989610868572
4,chan10-chan11,Involuntary_OutcomeOnsetReportSound,23,Theta,3.2065311296314922
4,chan10-chan11,Involuntary_OutcomeOnsetReportSound,24,Theta,4.5225226632740725
4,chan10-chan11,Involuntary_OutcomeOnsetReportSound,25,Theta,0.19501811377840916
4,chan10-chan11,Involuntary_OutcomeOnsetReportSound,26,Theta,3.6264192724234694
4,chan10-chan11,Involuntary_OutcomeOnsetReportSound,27,Theta,4.683156590738291
4,chan10-chan11,Involuntary_OutcomeOnsetReportSound,28,Theta,3.81075578805524
4,chan10-chan11,Involuntary_OutcomeOnsetReportSound,29,Theta,1.7297737737807164
4,chan10-chan11,Involuntary_OutcomeOnsetReportSound,30,Theta,5.238415131631459
4,chan10-chan11,Involuntary_OutcomeOnsetReportSound,31,Theta,2.70631531778131
4,chan10-chan11,Involuntary_OutcomeOnsetReportSound,32,Theta,2.2520346852930055
4,chan10-chan11,Involuntary_OutcomeOnsetReportSound,33,Theta,0.9837633051128629
4,chan10-chan11,Involuntary_OutcomeOnsetReportSound,34,Theta,4.876654523559884
4,chan10-chan11,Involuntary_OutcomeOnsetReportSound,35,Theta,6.010886890960443
4,chan10-chan11,Involuntary_OutcomeOnsetReportSound,36,Theta,1.6375059788978474
4,chan10-chan11,Involuntary_OutcomeOnsetReportSound,37,Theta,1.7271522818160878
4,chan10-chan11,Involuntary_OutcomeOnsetReportSound,38,Theta,3.513093620556602
4,chan10-chan11,Involuntary_OutcomeOnsetReportSound,39,Theta,4.4115709587674665
4,chan10-chan11,Involuntary_OutcomeOnsetReportSound,40,Theta,5.503816172573227
4,chan10-chan11,Involuntary_OutcomeOnsetReportSound,41,Theta,2.160725073223603
4,chan10-chan11,Involuntary_OutcomeOnsetReportSound,42,Theta,3.794215683929214
4,chan10-chan11,Involuntary_OutcomeOnsetReportSound,43,Theta,5.15553656821523
4,chan10-chan11,Involuntary_OutcomeOnsetReportSound,44,Theta,3.5084032434427366
4,chan10-chan11,Involuntary_OutcomeOnsetReportSound,45,Theta,5.767767027880533
4,chan10-chan11,Involuntary_OutcomeOnsetReportSound,46,Theta,6.241598644157274
4,chan10-chan11,Involuntary_OutcomeOnsetReportSound,47,Theta,1.6875775487124351
4,chan10-chan11,Involuntary_OutcomeOnsetReportSound,48,Theta,4.9426821893762956
4,chan10-chan11,Involuntary_OutcomeOnsetReportSound,49,Theta,5.078281058893456
4,chan10-chan11,Involuntary_OutcomeOnsetReportSound,50,Theta,2.5401167414986645
4,chan10-chan11,Involuntary_OutcomeOnsetReportSound,51,Theta,4.382175483344255
4,chan10-chan11,Involuntary_OutcomeOnsetReportSound,52,Theta,5.151529160774843
4,chan10-chan11,Involuntary_OutcomeOnsetReportSound,53,Theta,1.3032984118663002
4,chan10-chan11,Involuntary_OutcomeOnsetReportSound,54,Theta,6.271175005904624
4,chan10-chan11,Involuntary_OutcomeOnsetReportSound,55,Theta,0.6722848947527603
4,chan10-chan11,Involuntary_OutcomeOnsetReportSound,56,Theta,4.905291946773272
4,chan10-chan11,Involuntary_OutcomeOnsetReportSound,57,Theta,0.649358325156745
4,chan10-chan11,Involuntary_OutcomeOnsetReportSound,58,Theta,5.523734309598838
4,chan10-chan11,Involuntary_OutcomeOnsetReportSound,59,Theta,5.108240232305775
4,chan10-chan11,Involuntary_OutcomeOnsetReportSound,60,Theta,2.455232698739061
4,chan10-chan11,Involuntary_OutcomeOnsetReportSound,1,Alpha,2.614111750914559
4,chan10-chan11,Involuntary_OutcomeOnsetReportSound,2,Alpha,0.7544998062173592
4,chan10-chan11,Involuntary_OutcomeOnsetReportSound,3,Alpha,5.910209495023851
4,chan10-chan11,Involuntary_OutcomeOnsetReportSound,4,Alpha,1.141300864420152
4,chan10-chan11,Involuntary_OutcomeOnsetReportSound,5,Alpha,1.663113188208889
4,chan10-chan11,Involuntary_OutcomeOnsetReportSound,6,Alpha,5.276347413161989
4,chan10-chan11,Involuntary_OutcomeOnsetReportSound,7,Alpha,3.73301234102643
4,chan10-chan11,Involuntary_OutcomeOnsetReportSound,8,Alpha,2.607067321639431
4,chan10-chan11,Involuntary_OutcomeOnsetReportSound,9,Alpha,5.076743369414639
4,chan10-chan11,Involuntary_OutcomeOnsetReportSound,10,Alpha,3.9289439145625207
4,chan10-chan11,Involuntary_OutcomeOnsetReportSound,11,Alpha,1.183199505329536
4,chan10-chan11,Involuntary_OutcomeOnsetReportSound,12,Alpha,4.9185885641889815
4,chan10-chan11,Involuntary_OutcomeOnsetReportSound,13,Alpha,0.15481748213728
4,chan10-chan11,Involuntary_OutcomeOnsetReportSound,14,Alpha,1.2670350257373597
4,chan10-chan11,Involuntary_OutcomeOnsetReportSound,15,Alpha,2.779647878831235
4,chan10-chan11,Involuntary_OutcomeOnsetReportSound,16,Alpha,6.139513412801186
4,chan10-chan11,Involuntary_OutcomeOnsetReportSound,17,Alpha,4.237485424564685
4,chan10-chan11,Involuntary_OutcomeOnsetReportSound,18,Alpha,2.568885938908214
4,chan10-chan11,Involuntary_OutcomeOnsetReportSound,19,Alpha,4.463171989598339
4,chan10-chan11,Involuntary_OutcomeOnsetReportSound,20,Alpha,0.14893871388704172
4,chan10-chan11,Involuntary_OutcomeOnsetReportSound,21,Alpha,2.154278329611027
4,chan10-chan11,Involuntary_OutcomeOnsetReportSound,22,Alpha,5.193337538188043
4,chan10-chan11,Involuntary_OutcomeOnsetReportSound,23,Alpha,2.9750379326197693
4,chan10-chan11,Involuntary_OutcomeOnsetReportSound,24,Alpha,4.082493046601639
4,chan10-chan11,Involuntary_OutcomeOnsetReportSound,25,Alpha,4.475284088347235
4,chan10-chan11,Involuntary_OutcomeOnsetReportSound,26,Alpha,1.9106907959226969
4,chan10-chan11,Involuntary_OutcomeOnsetReportSound,27,Alpha,1.5321972868984766
4,chan10-chan11,Involuntary_OutcomeOnsetReportSound,28,Alpha,5.675865075134968
4,chan10-chan11,Involuntary_OutcomeOnsetReportSound,29,Alpha,2.183322476689787
4,chan10-chan11,Involuntary_OutcomeOnsetReportSound,30,Alpha,2.368962094424223
4,chan10-chan11,Involuntary_OutcomeOnsetReportSound,31,Alpha,2.2385169919984014
4,chan10-chan11,Involuntary_OutcomeOnsetReportSound,32,Alpha,5.649260843778028
4,chan10-chan11,Involuntary_OutcomeOnsetReportSound,33,Alpha,0.4185634095923772
4,chan10-chan11,Involuntary_OutcomeOnsetReportSound,34,Alpha,2.961966875226262
4,chan10-chan11,Involuntary_OutcomeOnsetReportSound,35,Alpha,0.4901801912815304
4,chan10-chan11,Involuntary_OutcomeOnsetReportSound,36,Alpha,2.3186227719610053
4,chan10-chan11,Involuntary_OutcomeOnsetReportSound,37,Alpha,2.709926941540671
4,chan10-chan11,Involuntary_OutcomeOnsetReportSound,38,Alpha,2.5633196594939993
4,chan10-chan11,Involuntary_OutcomeOnsetReportSound,39,Alpha,1.1093296453036914
4,chan10-chan11,Involuntary_OutcomeOnsetReportSound,40,Alpha,5.470964149029383
4,chan10-chan11,Involuntary_OutcomeOnsetReportSound,41,Alpha,0.8418360453752474
4,chan10-chan11,Involuntary_OutcomeOnsetReportSound,42,Alpha,0.9450666997849134
4,chan10-chan11,Involuntary_OutcomeOnsetReportSound,43,Alpha,2.3473955807405593
4,chan10-chan11,Involuntary_OutcomeOnsetReportSound,44,Alpha,0.6082281640651723
4,chan10-chan11,Involuntary_OutcomeOnsetReportSound,45,Alpha,4.68869477839129
4,chan10-chan11,Involuntary_OutcomeOnsetReportSound,46,Alpha,4.103105601527936
4,chan10-chan11,Involuntary_OutcomeOnsetReportSound,47,Alpha,1.277327967933544
4,chan10-chan11,Involuntary_OutcomeOnsetReportSound,48,Alpha,0.7935432709497511
4,chan10-chan11,Involuntary_OutcomeOnsetReportSound,49,Alpha,5.7215563898690105
4,chan10-chan11,Involuntary_OutcomeOnsetReportSound,50,Alpha,0.9905794092061074
4,chan10-chan11,Involuntary_OutcomeOnsetReportSound,51,Alpha,1.6479164394415633
4,chan10-chan11,Involuntary_OutcomeOnsetReportSound,52,Alpha,0.991953780211436
4,chan10-chan11,Involuntary_OutcomeOnsetReportSound,53,Alpha,3.315909329273227
4,chan10-chan11,Involuntary_OutcomeOnsetReportSound,54,Alpha,5.6408203384499425
4,chan10-chan11,Involuntary_OutcomeOnsetReportSound,55,Alpha,1.0434803759018965
4,chan10-chan11,Involuntary_OutcomeOnsetReportSound,56,Alpha,0.11395857635391585
4,chan10-chan11,Involuntary_OutcomeOnsetReportSound,57,Alpha,4.589445266313635
4,chan10-chan11,Involuntary_OutcomeOnsetReportSound,58,Alpha,0.47826527633116056
4,chan10-chan11,Involuntary_OutcomeOnsetReportSound,59,Alpha,5.3443546082012805
4,chan10-chan11,Involuntary_OutcomeOnsetReportSound,60,Alpha,2.0689370563978207
4,chan10-chan11,Involuntary_OutcomeOnsetReportSound,1,Beta,4.0662997332620785
4,chan10-chan11,Involuntary_OutcomeOnsetReportSound,2,Beta,5.252638222970612
4,chan10-chan11,Involuntary_OutcomeOnsetReportSound,3,Beta,5.985369646308348
4,chan10-chan11,Involuntary_OutcomeOnsetReportSound,4,Beta,3.579664796845214
4,chan10-chan11,Involuntary_OutcomeOnsetReportSound,5,Beta,3.231453394110761
4,chan10-chan11,Involuntary_OutcomeOnsetReportSound,6,Beta,5.6346203082528135
4,chan10-chan11,Involuntary_OutcomeOnsetReportSound,7,Beta,3.0832375971798522
4,chan10-chan11,Involuntary_OutcomeOnsetReportSound,8,Beta,4.78711683670469
4,chan10-chan11,Involuntary_OutcomeOnsetReportSound,9,Beta,0.7296888306763293
4,chan10-chan11,Involuntary_OutcomeOnsetReportSound,10,Beta,3.7374199178634764
4,chan10-chan11,Involuntary_OutcomeOnsetReportSound,11,Beta,0.6564710483166413
4,chan10-chan11,Involuntary_OutcomeOnsetReportSound,12,Beta,5.447096261274282
4,chan10-chan11,Involuntary_OutcomeOnsetReportSound,13,Beta,4.484812737185406
4,chan10-chan11,Involuntary_OutcomeOnsetReportSound,14,Beta,1.7129107576955054
4,chan10-chan11,Involuntary_OutcomeOnsetReportSound,15,Beta,3.248860566734418
4,chan10-chan11,Involuntary_OutcomeOnsetReportSound,16,Beta,0.6052539785912563
4,chan10-chan11,Involuntary_OutcomeOnsetReportSound,17,Beta,4.417228180439778
4,chan10-chan11,Involuntary_OutcomeOnsetReportSound,18,Beta,5.746546468115074
4,chan10-chan11,Involuntary_OutcomeOnsetReportSound,19,Beta,3.0520409057203617
4,chan10-chan11,Involuntary_OutcomeOnsetReportSound,20,Beta,0.4024306803081743
4,chan10-chan11,Involuntary_OutcomeOnsetReportSound,21,Beta,4.208139191333765
4,chan10-chan11,Involuntary_OutcomeOnsetReportSound,22,Beta,0.3847646363182044
4,chan10-chan11,Involuntary_OutcomeOnsetReportSound,23,Beta,4.241586185151906
4,chan10-chan11,Involuntary_OutcomeOnsetReportSound,24,Beta,0.004924404043647822
4,chan10-chan11,Involuntary_OutcomeOnsetReportSound,25,Beta,0.9489622575987496
4,chan10-chan11,Involuntary_OutcomeOnsetReportSound,26,Beta,1.0333734608501295
4,chan10-chan11,Involuntary_OutcomeOnsetReportSound,27,Beta,0.8531832529851854
4,chan10-chan11,Involuntary_OutcomeOnsetReportSound,28,Beta,2.8606728767284566
4,chan10-chan11,Involuntary_OutcomeOnsetReportSound,29,Beta,4.1081968983963595
4,chan10-chan11,Involuntary_OutcomeOnsetReportSound,30,Beta,4.392799370116071
4,chan10-chan11,Involuntary_OutcomeOnsetReportSound,31,Beta,3.140609976854998
4,chan10-chan11,Involuntary_OutcomeOnsetReportSound,32,Beta,4.070356184861923
4,chan10-chan11,Involuntary_OutcomeOnsetReportSound,33,Beta,5.813097088291959
4,chan10-chan11,Involuntary_OutcomeOnsetReportSound,34,Beta,1.9188547862399075
4,chan10-chan11,Involuntary_OutcomeOnsetReportSound,35,Beta,1.2352503002019355
4,chan10-chan11,Involuntary_OutcomeOnsetReportSound,36,Beta,2.247294357103461
4,chan10-chan11,Involuntary_OutcomeOnsetReportSound,37,Beta,1.7150072606153361
4,chan10-chan11,Involuntary_OutcomeOnsetReportSound,38,Beta,1.5450195465263676
4,chan10-chan11,Involuntary_OutcomeOnsetReportSound,39,Beta,2.0806095093295114
4,chan10-chan11,Involuntary_OutcomeOnsetReportSound,40,Beta,4.04312483161434
4,chan10-chan11,Involuntary_OutcomeOnsetReportSound,41,Beta,1.802543525549623
4,chan10-chan11,Involuntary_OutcomeOnsetReportSound,42,Beta,6.172934699583787
4,chan10-chan11,Involuntary_OutcomeOnsetReportSound,43,Beta,2.325719721695208
4,chan10-chan11,Involuntary_OutcomeOnsetReportSound,44,Beta,3.1774234202012774
4,chan10-chan11,Involuntary_OutcomeOnsetReportSound,45,Beta,5.136994112419
4,chan10-chan11,Involuntary_OutcomeOnsetReportSound,46,Beta,2.0080166135380946
4,chan10-chan11,Involuntary_OutcomeOnsetReportSound,47,Beta,5.563181115597958
4,chan10-chan11,Involuntary_OutcomeOnsetReportSound,48,Beta,0.8057405942891153
4,chan10-chan11,Involuntary_OutcomeOnsetReportSound,49,Beta,4.938197307768026
4,chan10-chan11,Involuntary_OutcomeOnsetReportSound,50,Beta,0.816139386151172
4,chan10-chan11,Involuntary_OutcomeOnsetReportSound,51,Beta,3.7463504545760085
4,chan10-chan11,Involuntary_OutcomeOnsetReportSound,52,Beta,5.828584772216624
4,chan10-chan11,Involuntary_OutcomeOnsetReportSound,53,Beta,4.087550449447131
4,chan10-chan11,Involuntary_OutcomeOnsetReportSound,54,Beta,0.10680123503112583
4,chan10-chan11,Involuntary_OutcomeOnsetReportSound,55,Beta,1.0289468725563968
4,chan10-chan11,Involuntary_OutcomeOnsetReportSound,56,Beta,5.8183966018862465
4,chan10-chan11,Involuntary_OutcomeOnsetReportSound,57,Beta,3.112068571536908
4,chan10-chan11,Involuntary_OutcomeOnsetReportSound,58,Beta,2.56854693854866
4,chan10-chan11,Involuntary_OutcomeOnsetReportSound,59,Beta,0.6688580243457511
4,chan10-chan11,Involuntary_OutcomeOnsetReportSound,60,Beta,3.4418189469277483
4,chan10-chan11,Involuntary_OutcomeOnsetReportSound,1,Gamma,1.6744449032841513
4,chan10-chan11,Involuntary_OutcomeOnsetReportSound,2,Gamma,4.507862207038336
4,chan10-chan11,Involuntary_OutcomeOnsetReportSound,3,Gamma,2.7517714500734796
4,chan10-chan11,Involuntary_OutcomeOnsetReportSound,4,Gamma,5.922309196342141
4,chan10-chan11,Involuntary_OutcomeOnsetReportSound,5,Gamma,4.780720956962639
4,chan10-chan11,Involuntary_OutcomeOnsetReportSound,6,Gamma,0.9307107448932554
4,chan10-chan11,Involuntary_OutcomeOnsetReportSound,7,Gamma,1.6614609503705826
4,chan10-chan11,Involuntary_OutcomeOnsetReportSound,8,Gamma,1.9703497613921597
4,chan10-chan11,Involuntary_OutcomeOnsetReportSound,9,Gamma,0.8262550613944727
4,chan10-chan11,Involuntary_OutcomeOnsetReportSound,10,Gamma,5.252277054918351
4,chan10-chan11,Involuntary_OutcomeOnsetReportSound,11,Gamma,1.38940689386195
4,chan10-chan11,Involuntary_OutcomeOnsetReportSound,12,Gamma,4.285791794168895
4,chan10-chan11,Involuntary_OutcomeOnsetReportSound,13,Gamma,2.742572532364514
4,chan10-chan11,Involuntary_OutcomeOnsetReportSound,14,Gamma,3.7054034167241348
4,chan10-chan11,Involuntary_OutcomeOnsetReportSound,15,Gamma,2.405148358972033
4,chan10-chan11,Involuntary_OutcomeOnsetReportSound,16,Gamma,4.482095831755423
4,chan10-chan11,Involuntary_OutcomeOnsetReportSound,17,Gamma,3.0128352495511526
4,chan10-chan11,Involuntary_OutcomeOnsetReportSound,18,Gamma,3.5475549988477693
4,chan10-chan11,Involuntary_OutcomeOnsetReportSound,19,Gamma,2.742099601312448
4,chan10-chan11,Involuntary_OutcomeOnsetReportSound,20,Gamma,1.7405247565976054
4,chan10-chan11,Involuntary_OutcomeOnsetReportSound,21,Gamma,4.133896652177443
4,chan10-chan11,Involuntary_OutcomeOnsetReportSound,22,Gamma,3.483819700770901
4,chan10-chan11,Involuntary_OutcomeOnsetReportSound,23,Gamma,2.823864342284991
4,chan10-chan11,Involuntary_OutcomeOnsetReportSound,24,Gamma,1.3739475574585736
4,chan10-chan11,Involuntary_OutcomeOnsetReportSound,25,Gamma,1.4085582413182733
4,chan10-chan11,Involuntary_OutcomeOnsetReportSound,26,Gamma,1.801705637456117
4,chan10-chan11,Involuntary_OutcomeOnsetReportSound,27,Gamma,4.556267389780826
4,chan10-chan11,Involuntary_OutcomeOnsetReportSound,28,Gamma,2.31018529205625
4,chan10-chan11,Involuntary_OutcomeOnsetReportSound,29,Gamma,1.9336736174249072
4,chan10-chan11,Involuntary_OutcomeOnsetReportSound,30,Gamma,1.5336581436311258
4,chan10-chan11,Involuntary_OutcomeOnsetReportSound,31,Gamma,0.6643281844868588
4,chan10-chan11,Involuntary_OutcomeOnsetReportSound,32,Gamma,1.8259144671867178
4,chan10-chan11,Involuntary_OutcomeOnsetReportSound,33,Gamma,0.29222045850016637
4,chan10-chan11,Involuntary_OutcomeOnsetReportSound,34,Gamma,1.1100202021921004
4,chan10-chan11,Involuntary_OutcomeOnsetReportSound,35,Gamma,1.7660297294015894
4,chan10-chan11,Involuntary_OutcomeOnsetReportSound,36,Gamma,3.871653276016746
4,chan10-chan11,Involuntary_OutcomeOnsetReportSound,37,Gamma,5.29958937554616
4,chan10-chan11,Involuntary_OutcomeOnsetReportSound,38,Gamma,3.4150501410473244
4,chan10-chan11,Involuntary_OutcomeOnsetReportSound,39,Gamma,3.3685842172074527
4,chan10-chan11,Involuntary_OutcomeOnsetReportSound,40,Gamma,5.39450284462331
4,chan10-chan11,Involuntary_OutcomeOnsetReportSound,41,Gamma,3.3154676632590734
4,chan10-chan11,Involuntary_OutcomeOnsetReportSound,42,Gamma,3.901903694326381
4,chan10-chan11,Involuntary_OutcomeOnsetReportSound,43,Gamma,1.7469855182342784
4,chan10-chan11,Involuntary_OutcomeOnsetReportSound,44,Gamma,4.808577302036556
4,chan10-chan11,Involuntary_OutcomeOnsetReportSound,45,Gamma,3.2366972772859293
4,chan10-chan11,Involuntary_OutcomeOnsetReportSound,46,Gamma,0.8447201078306356
4,chan10-chan11,Involuntary_OutcomeOnsetReportSound,47,Gamma,4.790617343322277
4,chan10-chan11,Involuntary_OutcomeOnsetReportSound,48,Gamma,1.7679189090662502
4,chan10-chan11,Involuntary_OutcomeOnsetReportSound,49,Gamma,3.412782801002789
4,chan10-chan11,Involuntary_OutcomeOnsetReportSound,50,Gamma,0.4002770678281613
4,chan10-chan11,Involuntary_OutcomeOnsetReportSound,51,Gamma,4.332049882211093
4,chan10-chan11,Involuntary_OutcomeOnsetReportSound,52,Gamma,5.29887732201763
4,chan10-chan11,Involuntary_OutcomeOnsetReportSound,53,Gamma,5.40450784142859
4,chan10-chan11,Involuntary_OutcomeOnsetReportSound,54,Gamma,0.2496650301568798
4,chan10-chan11,Involuntary_OutcomeOnsetReportSound,55,Gamma,0.08216344733345032
4,chan10-chan11,Involuntary_OutcomeOnsetReportSound,56,Gamma,2.508551883724076
4,chan10-chan11,Involuntary_OutcomeOnsetReportSound,57,Gamma,1.9136338661961618
4,chan10-chan11,Involuntary_OutcomeOnsetReportSound,58,Gamma,0.7096246246806441
4,chan10-chan11,Involuntary_OutcomeOnsetReportSound,59,Gamma,5.536348109383561
4,chan10-chan11,Involuntary_OutcomeOnsetReportSound,60,Gamma,0.5583946825532574
4,chan10-chan11,Voluntary_OutcomeOnsetReportSound,1,Delta,5.381648375162802
4,chan10-chan11,Voluntary_OutcomeOnsetReportSound,2,Delta,0.530515318097616
4,chan10-chan11,Voluntary_OutcomeOnsetReportSound,3,Delta,3.9684117754574326
4,chan10-chan11,Voluntary_OutcomeOnsetReportSound,4,Delta,3.3204333859214343
4,chan10-chan11,Voluntary_OutcomeOnsetReportSound,5,Delta,5.660352178145188
4,chan10-chan11,Voluntary_OutcomeOnsetReportSound,6,Delta,1.2457071632124481
4,chan10-chan11,Voluntary_OutcomeOnsetReportSound,7,Delta,4.8982315751355445
4,chan10-chan11,Voluntary_OutcomeOnsetReportSound,8,Delta,5.6466959005818005
4,chan10-chan11,Voluntary_OutcomeOnsetReportSound,9,Delta,1.6371370761067547
4,chan10-chan11,Voluntary_OutcomeOnsetReportSound,10,Delta,1.97423943749261
4,chan10-chan11,Voluntary_OutcomeOnsetReportSound,11,Delta,5.1518617588346105
4,chan10-chan11,Voluntary_OutcomeOnsetReportSound,12,Delta,0.6926549203007628
4,chan10-chan11,Voluntary_OutcomeOnsetReportSound,13,Delta,5.264298748380705
4,chan10-chan11,Voluntary_OutcomeOnsetReportSound,14,Delta,5.047332195712558
4,chan10-chan11,Voluntary_OutcomeOnsetReportSound,15,Delta,2.418066790442985
4,chan10-chan11,Voluntary_OutcomeOnsetReportSound,16,Delta,4.935278800404658
4,chan10-chan11,Voluntary_OutcomeOnsetReportSound,17,Delta,4.2102639271725355
4,chan10-chan11,Voluntary_OutcomeOnsetReportSound,18,Delta,4.830913910825831
4,chan10-chan11,Voluntary_OutcomeOnsetReportSound,19,Delta,1.2691218409992722
4,chan10-chan11,Voluntary_OutcomeOnsetReportSound,20,Delta,3.3800434532783687
4,chan10-chan11,Voluntary_OutcomeOnsetReportSound,21,Delta,2.266689694128403
4,chan10-chan11,Voluntary_OutcomeOnsetReportSound,22,Delta,1.398066180012166
4,chan10-chan11,Voluntary_OutcomeOnsetReportSound,23,Delta,3.295063909467842
4,chan10-chan11,Voluntary_OutcomeOnsetReportSound,24,Delta,5.951000527843998
4,chan10-chan11,Voluntary_OutcomeOnsetReportSound,25,Delta,5.481608976709691
4,chan10-chan11,Voluntary_OutcomeOnsetReportSound,26,Delta,5.220299207392914
4,chan10-chan11,Voluntary_OutcomeOnsetReportSound,27,Delta,1.3987463833557623
4,chan10-chan11,Voluntary_OutcomeOnsetReportSound,28,Delta,5.795705597357343
4,chan10-chan11,Voluntary_OutcomeOnsetReportSound,29,Delta,1.688016004792707
4,chan10-chan11,Voluntary_OutcomeOnsetReportSound,30,Delta,5.86731804380292
4,chan10-chan11,Voluntary_OutcomeOnsetReportSound,31,Delta,0.9971627579220335
4,chan10-chan11,Voluntary_OutcomeOnsetReportSound,32,Delta,4.550167786654801
4,chan10-chan11,Voluntary_OutcomeOnsetReportSound,33,Delta,0.8620133638117524
4,chan10-chan11,Voluntary_OutcomeOnsetReportSound,34,Delta,3.457181839851519
4,chan10-chan11,Voluntary_OutcomeOnsetReportSound,35,Delta,4.445732411536222
4,chan10-chan11,Voluntary_OutcomeOnsetReportSound,36,Delta,4.779072798908937
4,chan10-chan11,Voluntary_OutcomeOnsetReportSound,37,Delta,4.520048945229833
4,chan10-chan11,Voluntary_OutcomeOnsetReportSound,38,Delta,4.544038771868497
4,chan10-chan11,Voluntary_OutcomeOnsetReportSound,39,Delta,4.907814563730595
4,chan10-chan11,Voluntary_OutcomeOnsetReportSound,40,Delta,3.2452420690001906
4,chan10-chan11,Voluntary_OutcomeOnsetReportSound,41,Delta,3.5020159908658446
4,chan10-chan11,Voluntary_OutcomeOnsetReportSound,42,Delta,2.001654318353665
4,chan10-chan11,Voluntary_OutcomeOnsetReportSound,43,Delta,1.1226435430705404
4,chan10-chan11,Voluntary_OutcomeOnsetReportSound,44,Delta,4.692749917686312
4,chan10-chan11,Voluntary_OutcomeOnsetReportSound,45,Delta,2.9970307056008787
4,chan10-chan11,Voluntary_OutcomeOnsetReportSound,46,Delta,1.28249932253826
4,chan10-chan11,Voluntary_OutcomeOnsetReportSound,47,Delta,1.6157340083827163
4,chan10-chan11,Voluntary_OutcomeOnsetReportSound,48,Delta,4.625584755750335
4,chan10-chan11,Voluntary_OutcomeOnsetReportSound,49,Delta,5.757241993844981
4,chan10-chan11,Voluntary_OutcomeOnsetReportSound,50,Delta,2.7742848456241274
4,chan10-chan11,Voluntary_OutcomeOnsetReportSound,51,Delta,0.07652533253167226
4,chan10-chan11,Voluntary_OutcomeOnsetReportSound,52,Delta,3.5199215842817577
4,chan10-chan11,Voluntary_OutcomeOnsetReportSound,53,Delta,2.3720045666436045
4,chan10-chan11,Voluntary_OutcomeOnsetReportSound,54,Delta,0.29085607851873846
4,chan10-chan11,Voluntary_OutcomeOnsetReportSound,55,Delta,1.3892380632837862
4,chan10-chan11,Voluntary_OutcomeOnsetReportSound,56,Delta,3.6134887359061456
4,chan10-chan11,Voluntary_OutcomeOnsetReportSound,57,Delta,5.313022545551857
4,chan10-chan11,Voluntary_OutcomeOnsetReportSound,58,Delta,4.306869223168663
4,chan10-chan11,Voluntary_OutcomeOnsetReportSound,59,Delta,4.4920597900060075
4,chan10-chan11,Voluntary_OutcomeOnsetReportSound,60,Delta,0.6306885140937785
4,chan10-chan11,Voluntary_OutcomeOnsetReportSound,1,Theta,6.244019365496791
4,chan10-chan11,Voluntary_OutcomeOnsetReportSound,2,Theta,1.050127211837236
4,chan10-chan11,Voluntary_OutcomeOnsetReportSound,3,Theta,3.930853423252612
4,chan10-chan11,Voluntary_OutcomeOnsetReportSound,4,Theta,3.5216271323911883
4,chan10-chan11,Voluntary_OutcomeOnsetReportSound,5,Theta,1.3070209767236831
4,chan10-chan11,Voluntary_OutcomeOnsetReportSound,6,Theta,1.9316854909527919
4,chan10-chan11,Voluntary_OutcomeOnsetReportSound,7,Theta,5.515651128666256
4,chan10-chan11,Voluntary_OutcomeOnsetReportSound,8,Theta,5.891998262674143
4,chan10-chan11,Voluntary_OutcomeOnsetReportSound,9,Theta,0.7609108940548586
4,chan10-chan11,Voluntary_OutcomeOnsetReportSound,10,Theta,0.873930448864821
4,chan10-chan11,Voluntary_OutcomeOnsetReportSound,11,Theta,5.083129812489883
4,chan10-chan11,Voluntary_OutcomeOnsetReportSound,12,Theta,0.599057508876132
4,chan10-chan11,Voluntary_OutcomeOnsetReportSound,13,Theta,1.6358675348506626
4,chan10-chan11,Voluntary_OutcomeOnsetReportSound,14,Theta,5.538340839007448
4,chan10-chan11,Voluntary_OutcomeOnsetReportSound,15,Theta,1.6862841257178682
4,chan10-chan11,Voluntary_OutcomeOnsetReportSound,16,Theta,4.160695735869561
4,chan10-chan11,Voluntary_OutcomeOnsetReportSound,17,Theta,1.9962985387721368
4,chan10-chan11,Voluntary_OutcomeOnsetReportSound,18,Theta,0.9458709570721113
4,chan10-chan11,Voluntary_OutcomeOnsetReportSound,19,Theta,1.0892188092239994
4,chan10-chan11,Voluntary_OutcomeOnsetReportSound,20,Theta,2.170930576007416
4,chan10-chan11,Voluntary_OutcomeOnsetReportSound,21,Theta,2.2119747945157195
4,chan10-chan11,Voluntary_OutcomeOnsetReportSound,22,Theta,6.21804750325917
4,chan10-chan11,Voluntary_OutcomeOnsetReportSound,23,Theta,3.17257643426547
4,chan10-chan11,Voluntary_OutcomeOnsetReportSound,24,Theta,6.243655528972343
4,chan10-chan11,Voluntary_OutcomeOnsetReportSound,25,Theta,0.38270180297254436
4,chan10-chan11,Voluntary_OutcomeOnsetReportSound,26,Theta,5.356960762946587
4,chan10-chan11,Voluntary_OutcomeOnsetReportSound,27,Theta,1.9737958786870566
4,chan10-chan11,Voluntary_OutcomeOnsetReportSound,28,Theta,6.1015184005580165
4,chan10-chan11,Voluntary_OutcomeOnsetReportSound,29,Theta,5.801177671500051
4,chan10-chan11,Voluntary_OutcomeOnsetReportSound,30,Theta,5.946328453838844
4,chan10-chan11,Voluntary_OutcomeOnsetReportSound,31,Theta,5.419725364178554
4,chan10-chan11,Voluntary_OutcomeOnsetReportSound,32,Theta,4.891994423382688
4,chan10-chan11,Voluntary_OutcomeOnsetReportSound,33,Theta,0.9110237072408808
4,chan10-chan11,Voluntary_OutcomeOnsetReportSound,34,Theta,3.341321821630857
4,chan10-chan11,Voluntary_OutcomeOnsetReportSound,35,Theta,3.696073424928059
4,chan10-chan11,Voluntary_OutcomeOnsetReportSound,36,Theta,4.632764265435018
4,chan10-chan11,Voluntary_OutcomeOnsetReportSound,37,Theta,3.9044883339614636
4,chan10-chan11,Voluntary_OutcomeOnsetReportSound,38,Theta,4.073926992826114
4,chan10-chan11,Voluntary_OutcomeOnsetReportSound,39,Theta,5.815310065754909
4,chan10-chan11,Voluntary_OutcomeOnsetReportSound,40,Theta,3.4413183460034804
4,chan10-chan11,Voluntary_OutcomeOnsetReportSound,41,Theta,3.245438864624049
4,chan10-chan11,Voluntary_OutcomeOnsetReportSound,42,Theta,1.273961863308905
4,chan10-chan11,Voluntary_OutcomeOnsetReportSound,43,Theta,0.9023718813434001
4,chan10-chan11,Voluntary_OutcomeOnsetReportSound,44,Theta,5.564806734735712
4,chan10-chan11,Voluntary_OutcomeOnsetReportSound,45,Theta,3.3855759730369175
4,chan10-chan11,Voluntary_OutcomeOnsetReportSound,46,Theta,0.09823682470705038
4,chan10-chan11,Voluntary_OutcomeOnsetReportSound,47,Theta,0.7486725324818916
4,chan10-chan11,Voluntary_OutcomeOnsetReportSound,48,Theta,4.052374469725296
4,chan10-chan11,Voluntary_OutcomeOnsetReportSound,49,Theta,0.4715888627104531
4,chan10-chan11,Voluntary_OutcomeOnsetReportSound,50,Theta,4.326903014509608
4,chan10-chan11,Voluntary_OutcomeOnsetReportSound,51,Theta,6.256812474235428
4,chan10-chan11,Voluntary_OutcomeOnsetReportSound,52,Theta,3.4368809049453026
4,chan10-chan11,Voluntary_OutcomeOnsetReportSound,53,Theta,2.4255184258766045
4,chan10-chan11,Voluntary_OutcomeOnsetReportSound,54,Theta,0.7423940409627252
4,chan10-chan11,Voluntary_OutcomeOnsetReportSound,55,Theta,0.7811348110787287
4,chan10-chan11,Voluntary_OutcomeOnsetReportSound,56,Theta,2.012073990290201
4,chan10-chan11,Voluntary_OutcomeOnsetReportSound,57,Theta,5.289185071418449
4,chan10-chan11,Voluntary_OutcomeOnsetReportSound,58,Theta,3.9913419851728182
4,chan10-chan11,Voluntary_OutcomeOnsetReportSound,59,Theta,3.926934649788111
4,chan10-chan11,Voluntary_OutcomeOnsetReportSound,60,Theta,5.442169550730726
4,chan10-chan11,Voluntary_OutcomeOnsetReportSound,1,Alpha,0.8838194986373371
4,chan10-chan11,Voluntary_OutcomeOnsetReportSound,2,Alpha,0.7093439308309047
4,chan10-chan11,Voluntary_OutcomeOnsetReportSound,3,Alpha,4.586054549291161
4,chan10-chan11,Voluntary_OutcomeOnsetReportSound,4,Alpha,4.7808596072048415
4,chan10-chan11,Voluntary_OutcomeOnsetReportSound,5,Alpha,0.013989592650297979
4,chan10-chan11,Voluntary_OutcomeOnsetReportSound,6,Alpha,2.411292467362014
4,chan10-chan11,Voluntary_OutcomeOnsetReportSound,7,Alpha,0.4655252068874956
4,chan10-chan11,Voluntary_OutcomeOnsetReportSound,8,Alpha,0.15524087913935247
4,chan10-chan11,Voluntary_OutcomeOnsetReportSound,9,Alpha,5.761173645205311
4,chan10-chan11,Voluntary_OutcomeOnsetReportSound,10,Alpha,3.637973566850812
4,chan10-chan11,Voluntary_OutcomeOnsetReportSound,11,Alpha,4.663570243150312
4,chan10-chan11,Voluntary_OutcomeOnsetReportSound,12,Alpha,4.061876060129905
4,chan10-chan11,Voluntary_OutcomeOnsetReportSound,13,Alpha,2.280624748798903
4,chan10-chan11,Voluntary_OutcomeOnsetReportSound,14,Alpha,4.672360216269131
4,chan10-chan11,Voluntary_OutcomeOnsetReportSound,15,Alpha,1.3309598153255424
4,chan10-chan11,Voluntary_OutcomeOnsetReportSound,16,Alpha,4.706119152770167
4,chan10-chan11,Voluntary_OutcomeOnsetReportSound,17,Alpha,2.5106686302914794
4,chan10-chan11,Voluntary_OutcomeOnsetReportSound,18,Alpha,1.0753345439195166
4,chan10-chan11,Voluntary_OutcomeOnsetReportSound,19,Alpha,0.8819029371519169
4,chan10-chan11,Voluntary_OutcomeOnsetReportSound,20,Alpha,3.6124193305352446
4,chan10-chan11,Voluntary_OutcomeOnsetReportSound,21,Alpha,2.2070652912239552
4,chan10-chan11,Voluntary_OutcomeOnsetReportSound,22,Alpha,3.9636749022624307
4,chan10-chan11,Voluntary_OutcomeOnsetReportSound,23,Alpha,5.021565818708526
4,chan10-chan11,Voluntary_OutcomeOnsetReportSound,24,Alpha,5.79927187503531
4,chan10-chan11,Voluntary_OutcomeOnsetReportSound,25,Alpha,3.9818853630618793
4,chan10-chan11,Voluntary_OutcomeOnsetReportSound,26,Alpha,0.2158131487893956
4,chan10-chan11,Voluntary_OutcomeOnsetReportSound,27,Alpha,1.7932090334183928
4,chan10-chan11,Voluntary_OutcomeOnsetReportSound,28,Alpha,3.152824167086543
4,chan10-chan11,Voluntary_OutcomeOnsetReportSound,29,Alpha,6.219582840163384
4,chan10-chan11,Voluntary_OutcomeOnsetReportSound,30,Alpha,0.2389682850572255
4,chan10-chan11,Voluntary_OutcomeOnsetReportSound,31,Alpha,0.26437257464771097
4,chan10-chan11,Voluntary_OutcomeOnsetReportSound,32,Alpha,2.2086117121486186
4,chan10-chan11,Voluntary_OutcomeOnsetReportSound,33,Alpha,5.21851452698484
4,chan10-chan11,Voluntary_OutcomeOnsetReportSound,34,Alpha,1.163905227178844
4,chan10-chan11,Voluntary_OutcomeOnsetReportSound,35,Alpha,4.0530807393729855
4,chan10-chan11,Voluntary_OutcomeOnsetReportSound,36,Alpha,4.654001128870262
4,chan10-chan11,Voluntary_OutcomeOnsetReportSound,37,Alpha,0.8954939051364703
4,chan10-chan11,Voluntary_OutcomeOnsetReportSound,38,Alpha,4.474988634370549
4,chan10-chan11,Voluntary_OutcomeOnsetReportSound,39,Alpha,5.713486634565658
4,chan10-chan11,Voluntary_OutcomeOnsetReportSound,40,Alpha,4.57392801123179
4,chan10-chan11,Voluntary_OutcomeOnsetReportSound,41,Alpha,3.6694270708509453
4,chan10-chan11,Voluntary_OutcomeOnsetReportSound,42,Alpha,2.7712994405363243
4,chan10-chan11,Voluntary_OutcomeOnsetReportSound,43,Alpha,1.215884730981536
4,chan10-chan11,Voluntary_OutcomeOnsetReportSound,44,Alpha,3.104665702109762
4,chan10-chan11,Voluntary_OutcomeOnsetReportSound,45,Alpha,2.583695032414848
4,chan10-chan11,Voluntary_OutcomeOnsetReportSound,46,Alpha,4.789946852701338
4,chan10-chan11,Voluntary_OutcomeOnsetReportSound,47,Alpha,1.7006924127999619
4,chan10-chan11,Voluntary_OutcomeOnsetReportSound,48,Alpha,1.2487183362030683
4,chan10-chan11,Voluntary_OutcomeOnsetReportSound,49,Alpha,1.124293888700739
4,chan10-chan11,Voluntary_OutcomeOnsetReportSound,50,Alpha,1.2550605760829445
4,chan10-chan11,Voluntary_OutcomeOnsetReportSound,51,Alpha,3.3342490255566255
4,chan10-chan11,Voluntary_OutcomeOnsetReportSound,52,Alpha,4.914056554369332
4,chan10-chan11,Voluntary_OutcomeOnsetReportSound,53,Alpha,0.9951324719842612
4,chan10-chan11,Voluntary_OutcomeOnsetReportSound,54,Alpha,2.4115288502827354
4,chan10-chan11,Voluntary_OutcomeOnsetReportSound,55,Alpha,4.221325246771571
4,chan10-chan11,Voluntary_OutcomeOnsetReportSound,56,Alpha,0.3863653666188717
4,chan10-chan11,Voluntary_OutcomeOnsetReportSound,57,Alpha,3.051975598640672
4,chan10-chan11,Voluntary_OutcomeOnsetReportSound,58,Alpha,5.918510529609428
4,chan10-chan11,Voluntary_OutcomeOnsetReportSound,59,Alpha,1.4391176790024092
4,chan10-chan11,Voluntary_OutcomeOnsetReportSound,60,Alpha,4.016923570237042
4,chan10-chan11,Voluntary_OutcomeOnsetReportSound,1,Beta,4.379415081404055
4,chan10-chan11,Voluntary_OutcomeOnsetReportSound,2,Beta,5.171516781483801
4,chan10-chan11,Voluntary_OutcomeOnsetReportSound,3,Beta,2.8397582675129454
4,chan10-chan11,Voluntary_OutcomeOnsetReportSound,4,Beta,1.7035907336262164
4,chan10-chan11,Voluntary_OutcomeOnsetReportSound,5,Beta,1.6036552356058944
4,chan10-chan11,Voluntary_OutcomeOnsetReportSound,6,Beta,1.9428150085984952
4,chan10-chan11,Voluntary_OutcomeOnsetReportSound,7,Beta,0.1301594275616298
4,chan10-chan11,Voluntary_OutcomeOnsetReportSound,8,Beta,5.31023568773672
4,chan10-chan11,Voluntary_OutcomeOnsetReportSound,9,Beta,5.091428181439683
4,chan10-chan11,Voluntary_OutcomeOnsetReportSound,10,Beta,1.873777534602769
4,chan10-chan11,Voluntary_OutcomeOnsetReportSound,11,Beta,5.772990118603973
4,chan10-chan11,Voluntary_OutcomeOnsetReportSound,12,Beta,4.662427960495373
4,chan10-chan11,Voluntary_OutcomeOnsetReportSound,13,Beta,1.00890472313547
4,chan10-chan11,Voluntary_OutcomeOnsetReportSound,14,Beta,1.8059672585295836
4,chan10-chan11,Voluntary_OutcomeOnsetReportSound,15,Beta,1.0236139961076658
4,chan10-chan11,Voluntary_OutcomeOnsetReportSound,16,Beta,2.155839153768783
4,chan10-chan11,Voluntary_OutcomeOnsetReportSound,17,Beta,2.6760434787796585
4,chan10-chan11,Voluntary_OutcomeOnsetReportSound,18,Beta,2.751905339053295
4,chan10-chan11,Voluntary_OutcomeOnsetReportSound,19,Beta,6.14586935679611
4,chan10-chan11,Voluntary_OutcomeOnsetReportSound,20,Beta,2.3748951363643465
4,chan10-chan11,Voluntary_OutcomeOnsetReportSound,21,Beta,1.461184092676412
4,chan10-chan11,Voluntary_OutcomeOnsetReportSound,22,Beta,4.488109680879929
4,chan10-chan11,Voluntary_OutcomeOnsetReportSound,23,Beta,4.973792751782714
4,chan10-chan11,Voluntary_OutcomeOnsetReportSound,24,Beta,6.123278552953531
4,chan10-chan11,Voluntary_OutcomeOnsetReportSound,25,Beta,0.07274663937503217
4,chan10-chan11,Voluntary_OutcomeOnsetReportSound,26,Beta,0.02562402568877159
4,chan10-chan11,Voluntary_OutcomeOnsetReportSound,27,Beta,1.2880560322050403
4,chan10-chan11,Voluntary_OutcomeOnsetReportSound,28,Beta,5.061730871644439
4,chan10-chan11,Voluntary_OutcomeOnsetReportSound,29,Beta,0.23944814525484445
4,chan10-chan11,Voluntary_OutcomeOnsetReportSound,30,Beta,1.4439582895571823
4,chan10-chan11,Voluntary_OutcomeOnsetReportSound,31,Beta,5.356023509322831
4,chan10-chan11,Voluntary_OutcomeOnsetReportSound,32,Beta,5.989525009324645
4,chan10-chan11,Voluntary_OutcomeOnsetReportSound,33,Beta,5.240648886752495
4,chan10-chan11,Voluntary_OutcomeOnsetReportSound,34,Beta,0.6583606874669237
4,chan10-chan11,Voluntary_OutcomeOnsetReportSound,35,Beta,5.477890542960511
4,chan10-chan11,Voluntary_OutcomeOnsetReportSound,36,Beta,5.760232972531888
4,chan10-chan11,Voluntary_OutcomeOnsetReportSound,37,Beta,6.120794624034317
4,chan10-chan11,Voluntary_OutcomeOnsetReportSound,38,Beta,0.15373653714588484
4,chan10-chan11,Voluntary_OutcomeOnsetReportSound,39,Beta,4.910952134300684
4,chan10-chan11,Voluntary_OutcomeOnsetReportSound,40,Beta,5.602135390458525
4,chan10-chan11,Voluntary_OutcomeOnsetReportSound,41,Beta,4.125627706916925
4,chan10-chan11,Voluntary_OutcomeOnsetReportSound,42,Beta,4.392507314318953
4,chan10-chan11,Voluntary_OutcomeOnsetReportSound,43,Beta,3.476903714271629
4,chan10-chan11,Voluntary_OutcomeOnsetReportSound,44,Beta,2.876199151765581
4,chan10-chan11,Voluntary_OutcomeOnsetReportSound,45,Beta,3.238471375093889
4,chan10-chan11,Voluntary_OutcomeOnsetReportSound,46,Beta,5.060515175412606
4,chan10-chan11,Voluntary_OutcomeOnsetReportSound,47,Beta,3.9602238178961597
4,chan10-chan11,Voluntary_OutcomeOnsetReportSound,48,Beta,3.7274136124994097
4,chan10-chan11,Voluntary_OutcomeOnsetReportSound,49,Beta,1.1002879991473549
4,chan10-chan11,Voluntary_OutcomeOnsetReportSound,50,Beta,0.267521515006965
4,chan10-chan11,Voluntary_OutcomeOnsetReportSound,51,Beta,5.363693654245632
4,chan10-chan11,Voluntary_OutcomeOnsetReportSound,52,Beta,1.8267985840283811
4,chan10-chan11,Voluntary_OutcomeOnsetReportSound,53,Beta,2.302575402494066
4,chan10-chan11,Voluntary_OutcomeOnsetReportSound,54,Beta,4.026636249099974
4,chan10-chan11,Voluntary_OutcomeOnsetReportSound,55,Beta,2.496455911351117
4,chan10-chan11,Voluntary_OutcomeOnsetReportSound,56,Beta,1.3919163190160158
4,chan10-chan11,Voluntary_OutcomeOnsetReportSound,57,Beta,3.187550898973984
4,chan10-chan11,Voluntary_OutcomeOnsetReportSound,58,Beta,4.43225591587334
4,chan10-chan11,Voluntary_OutcomeOnsetReportSound,59,Beta,0.28976880093190804
4,chan10-chan11,Voluntary_OutcomeOnsetReportSound,60,Beta,5.447370566120815
4,chan10-chan11,Voluntary_OutcomeOnsetReportSound,1,Gamma,0.40434631413022665
4,chan10-chan11,Voluntary_OutcomeOnsetReportSound,2,Gamma,2.9912452559926686
4,chan10-chan11,Voluntary_OutcomeOnsetReportSound,3,Gamma,5.373929820360385
4,chan10-chan11,Voluntary_OutcomeOnsetReportSound,4,Gamma,2.465968728729935
4,chan10-chan11,Voluntary_OutcomeOnsetReportSound,5,Gamma,0.6885287234732106
4,chan10-chan11,Voluntary_OutcomeOnsetReportSound,6,Gamma,2.6657779837332782
4,chan10-chan11,Voluntary_OutcomeOnsetReportSound,7,Gamma,5.41836782241622
4,chan10-chan11,Voluntary_OutcomeOnsetReportSound,8,Gamma,1.367044329849824
4,chan10-chan11,Voluntary_OutcomeOnsetReportSound,9,Gamma,0.4212706576066912
4,chan10-chan11,Voluntary_OutcomeOnsetReportSound,10,Gamma,1.3223849809849333
4,chan10-chan11,Voluntary_OutcomeOnsetReportSound,11,Gamma,0.1579415960662596
4,chan10-chan11,Voluntary_OutcomeOnsetReportSound,12,Gamma,4.342851868981253
4,chan10-chan11,Voluntary_OutcomeOnsetReportSound,13,Gamma,0.050694340235878564
4,chan10-chan11,Voluntary_OutcomeOnsetReportSound,14,Gamma,1.231513211591777
4,chan10-chan11,Voluntary_OutcomeOnsetReportSound,15,Gamma,0.5284720646281552
4,chan10-chan11,Voluntary_OutcomeOnsetReportSound,16,Gamma,4.76444435787897
4,chan10-chan11,Voluntary_OutcomeOnsetReportSound,17,Gamma,4.456601126878655
4,chan10-chan11,Voluntary_OutcomeOnsetReportSound,18,Gamma,6.262185657442128
4,chan10-chan11,Voluntary_OutcomeOnsetReportSound,19,Gamma,0.2901539175194136
4,chan10-chan11,Voluntary_OutcomeOnsetReportSound,20,Gamma,0.523086618433413
4,chan10-chan11,Voluntary_OutcomeOnsetReportSound,21,Gamma,5.761616913746359
4,chan10-chan11,Voluntary_OutcomeOnsetReportSound,22,Gamma,5.108502543227935
4,chan10-chan11,Voluntary_OutcomeOnsetReportSound,23,Gamma,4.886149394037929
4,chan10-chan11,Voluntary_OutcomeOnsetReportSound,24,Gamma,5.769072913613733
4,chan10-chan11,Voluntary_OutcomeOnsetReportSound,25,Gamma,1.5522486550501573
4,chan10-chan11,Voluntary_OutcomeOnsetReportSound,26,Gamma,3.826834065988297
4,chan10-chan11,Voluntary_OutcomeOnsetReportSound,27,Gamma,4.097998406187385
4,chan10-chan11,Voluntary_OutcomeOnsetReportSound,28,Gamma,2.0249528315708916
4,chan10-chan11,Voluntary_OutcomeOnsetReportSound,29,Gamma,3.2511383826069316
4,chan10-chan11,Voluntary_OutcomeOnsetReportSound,30,Gamma,1.5531107258870713
4,chan10-chan11,Voluntary_OutcomeOnsetReportSound,31,Gamma,3.393527653734085
4,chan10-chan11,Voluntary_OutcomeOnsetReportSound,32,Gamma,4.827516905568892
4,chan10-chan11,Voluntary_OutcomeOnsetReportSound,33,Gamma,5.543678632451252
4,chan10-chan11,Voluntary_OutcomeOnsetReportSound,34,Gamma,3.3761138130229633
4,chan10-chan11,Voluntary_OutcomeOnsetReportSound,35,Gamma,3.4970335975971714
4,chan10-chan11,Voluntary_OutcomeOnsetReportSound,36,Gamma,3.497103694659313
4,chan10-chan11,Voluntary_OutcomeOnsetReportSound,37,Gamma,4.751803916606349
4,chan10-chan11,Voluntary_OutcomeOnsetReportSound,38,Gamma,5.4873402972513095
4,chan10-chan11,Voluntary_OutcomeOnsetReportSound,39,Gamma,1.5260222729456536
4,chan10-chan11,Voluntary_OutcomeOnsetReportSound,40,Gamma,5.363580418082158
4,chan10-chan11,Voluntary_OutcomeOnsetReportSound,41,Gamma,2.8255251847272285
4,chan10-chan11,Voluntary_OutcomeOnsetReportSound,42,Gamma,5.240420228765782
4,chan10-chan11,Voluntary_OutcomeOnsetReportSound,43,Gamma,1.580263471992822
4,chan10-chan11,Voluntary_OutcomeOnsetReportSound,44,Gamma,4.857954050717862
4,chan10-chan11,Voluntary_OutcomeOnsetReportSound,45,Gamma,5.491124223843764
4,chan10-chan11,Voluntary_OutcomeOnsetReportSound,46,Gamma,4.740631556123713
4,chan10-chan11,Voluntary_OutcomeOnsetReportSound,47,Gamma,1.6919907040726694
4,chan10-chan11,Voluntary_OutcomeOnsetReportSound,48,Gamma,6.173438724111909
4,chan10-chan11,Voluntary_OutcomeOnsetReportSound,49,Gamma,1.8182951496923845
4,chan10-chan11,Voluntary_OutcomeOnsetReportSound,50,Gamma,3.3133900847493507
4,chan10-chan11,Voluntary_OutcomeOnsetReportSound,51,Gamma,4.438025763981812
4,chan10-chan11,Voluntary_OutcomeOnsetReportSound,52,Gamma,2.951036502590308
4,chan10-chan11,Voluntary_OutcomeOnsetReportSound,53,Gamma,4.898459317869505
4,chan10-chan11,Voluntary_OutcomeOnsetReportSound,54,Gamma,5.701661760951758
4,chan10-chan11,Voluntary_OutcomeOnsetReportSound,55,Gamma,0.24684603719429726
4,chan10-chan11,Voluntary_OutcomeOnsetReportSound,56,Gamma,2.2147379180197553
4,chan10-chan11,Voluntary_OutcomeOnsetReportSound,57,Gamma,5.094433135047174
4,chan10-chan11,Voluntary_OutcomeOnsetReportSound,58,Gamma,0.7700854854949672
4,chan10-chan11,Voluntary_OutcomeOnsetReportSound,59,Gamma,0.04593742595972125
4,chan10-chan11,Voluntary_OutcomeOnsetReportSound,60,Gamma,0.4042027814657908
