subject,label,condition,trial,meanAmplitude,Alpha_bandPower,Beta_bandPower,Delta_bandPower,Theta_bandPower,Alpha_bandITPC,Beta_bandITPC,Delta_bandITPC,Theta_bandITPC
2,chan83-chan84,Involuntary_OutcomeOnsetReportSound,1,40.48029946073893,27085.78273139971,5394.208430008843,95964.67091257244,78149.10966372334,0.05053033131802084,0.13000371690462245,0.10080577394731395,0.08466587161266642
2,chan83-chan84,Involuntary_OutcomeOnsetReportSound,2,-28.099351322527056,6767.479799841643,3191.937257685719,22179.717170115975,20844.709866470384,0.05053033131802084,0.13000371690462245,0.10080577394731395,0.08466587161266642
2,chan83-chan84,Involuntary_OutcomeOnsetReportSound,3,-17.572097972109546,12984.01434085759,6402.928837120918,87028.91715172782,37255.504793965185,0.05053033131802084,0.13000371690462245,0.10080577394731395,0.08466587161266642
2,chan83-chan84,Involuntary_OutcomeOnsetReportSound,4,34.21088667715525,8492.07434542635,5470.483817100618,166050.4126739344,68418.47396195555,0.05053033131802084,0.13000371690462245,0.10080577394731395,0.08466587161266642
2,chan83-chan84,Involuntary_OutcomeOnsetReportSound,5,30.032164547238068,34135.86806054964,4333.52878031575,168204.46510432387,38100.86802046177,0.05053033131802084,0.13000371690462245,0.10080577394731395,0.08466587161266642
2,chan83-chan84,Involuntary_OutcomeOnsetReportSound,6,4.5989657047817225,41301.90064730071,4326.302231440552,69148.6187586094,18784.169143559215,0.05053033131802084,0.13000371690462245,0.10080577394731395,0.08466587161266642
2,chan83-chan84,Involuntary_OutcomeOnsetReportSound,7,-2.9512976693663893,10596.521183997109,1653.499302721644,15248.743647272904,8024.290716058448,0.05053033131802084,0.13000371690462245,0.10080577394731395,0.08466587161266642
2,chan83-chan84,Involuntary_OutcomeOnsetReportSound,8,0.9837079859893415,25479.629096704128,4349.944926999201,85082.85870665198,37862.3659261866,0.05053033131802084,0.13000371690462245,0.10080577394731395,0.08466587161266642
2,chan83-chan84,Involuntary_OutcomeOnsetReportSound,9,3.6778720065629815,4399.400215447478,2062.706734973362,96235.64878655635,46954.77034686034,0.05053033131802084,0.13000371690462245,0.10080577394731395,0.08466587161266642
2,chan83-chan84,Involuntary_OutcomeOnsetReportSound,10,23.347025054285037,6112.598173600636,1219.56011429363,253606.6441314931,114688.98615142352,0.05053033131802084,0.13000371690462245,0.10080577394731395,0.08466587161266642
2,chan83-chan84,Involuntary_OutcomeOnsetReportSound,11,-14.018571595921907,5755.60083180645,4590.421791734702,4786.334539858503,20686.85250302672,0.05053033131802084,0.13000371690462245,0.10080577394731395,0.08466587161266642
2,chan83-chan84,Involuntary_OutcomeOnsetReportSound,12,14.528015779763246,13705.94302255851,5102.127471169222,24744.730965175786,13916.851477579246,0.05053033131802084,0.13000371690462245,0.10080577394731395,0.08466587161266642
2,chan83-chan84,Involuntary_OutcomeOnsetReportSound,13,30.001744580620116,11782.985002768137,2108.6948202806075,10524.50647253326,30577.689320737998,0.05053033131802084,0.13000371690462245,0.10080577394731395,0.08466587161266642
2,chan83-chan84,Involuntary_OutcomeOnsetReportSound,14,13.430323261999632,20667.90422007784,4028.665762155152,164715.3998033247,49029.946051044906,0.05053033131802084,0.13000371690462245,0.10080577394731395,0.08466587161266642
2,chan83-chan84,Involuntary_OutcomeOnsetReportSound,15,-32.08313791611235,337.7622993066968,4178.6295520308195,72990.47077761946,20841.01110134543,0.05053033131802084,0.13000371690462245,0.10080577394731395,0.08466587161266642
2,chan83-chan84,Involuntary_OutcomeOnsetReportSound,16,-3.7788560180639803,4757.288252474633,3535.2496864972154,45239.29912349185,12619.181245181573,0.05053033131802084,0.13000371690462245,0.10080577394731395,0.08466587161266642
2,chan83-chan84,Involuntary_OutcomeOnsetReportSound,17,27.33973697274294,37021.86867262461,2410.6536280268433,99058.95760338374,61443.0063398975,0.05053033131802084,0.13000371690462245,0.10080577394731395,0.08466587161266642
2,chan83-chan84,Involuntary_OutcomeOnsetReportSound,18,21.148882600129408,2105.6648930076826,4091.74159775346,67177.76741261382,46345.31660300075,0.05053033131802084,0.13000371690462245,0.10080577394731395,0.08466587161266642
2,chan83-chan84,Involuntary_OutcomeOnsetReportSound,19,-0.2673837830447205,31768.495006751822,17195.87222002813,10608.586869611328,6544.304599058065,0.05053033131802084,0.13000371690462245,0.10080577394731395,0.08466587161266642
2,chan83-chan84,Involuntary_OutcomeOnsetReportSound,20,-11.085437563115766,40945.41421085669,2549.60143836305,9803.633769687785,25826.242832129596,0.05053033131802084,0.13000371690462245,0.10080577394731395,0.08466587161266642
2,chan83-chan84,Involuntary_OutcomeOnsetReportSound,21,-10.235093782642021,7772.252217362319,3699.7607903263347,4524.19489713048,3244.532621510646,0.05053033131802084,0.13000371690462245,0.10080577394731395,0.08466587161266642
2,chan83-chan84,Involuntary_OutcomeOnsetReportSound,22,-8.454585914857093,40601.75099071576,14793.505238919837,106059.11268416603,70876.48115089207,0.05053033131802084,0.13000371690462245,0.10080577394731395,0.08466587161266642
2,chan83-chan84,Involuntary_OutcomeOnsetReportSound,23,-19.167419378878307,9175.671103535917,14195.083100614276,67567.86461367749,12640.137310805128,0.05053033131802084,0.13000371690462245,0.10080577394731395,0.08466587161266642
2,chan83-chan84,Involuntary_OutcomeOnsetReportSound,24,-6.2784668885891035,37865.129173663765,2320.1482413225713,18313.159915125696,29573.46303467307,0.05053033131802084,0.13000371690462245,0.10080577394731395,0.08466587161266642
2,chan83-chan84,Involuntary_OutcomeOnsetReportSound,25,19.362914699016294,5210.4879850648285,2998.1634417644477,42253.04067810664,10221.135712769643,0.05053033131802084,0.13000371690462245,0.10080577394731395,0.08466587161266642
2,chan83-chan84,Involuntary_OutcomeOnsetReportSound,26,-15.789713964724635,38468.22669455415,1842.0249325632044,231423.69888767198,109628.88902699253,0.05053033131802084,0.13000371690462245,0.10080577394731395,0.08466587161266642
2,chan83-chan84,Involuntary_OutcomeOnsetReportSound,27,22.938949108971123,43478.82763100477,3424.235329671827,67607.7694364818,57760.45405055344,0.05053033131802084,0.13000371690462245,0.10080577394731395,0.08466587161266642
2,chan83-chan84,Involuntary_OutcomeOnsetReportSound,28,19.776989925917256,35420.80685943916,2435.443607584789,31295.963602707237,41526.779010250255,0.05053033131802084,0.13000371690462245,0.10080577394731395,0.08466587161266642
2,chan83-chan84,Involuntary_OutcomeOnsetReportSound,29,9.411766856013056,29273.6764977165,4841.842216232253,43336.223219747146,30523.622562084096,0.05053033131802084,0.13000371690462245,0.10080577394731395,0.08466587161266642
2,chan83-chan84,Involuntary_OutcomeOnsetReportSound,30,33.133875857252775,50155.33971186485,6137.224391020855,68360.84364236843,36029.53456197672,0.05053033131802084,0.13000371690462245,0.10080577394731395,0.08466587161266642
2,chan83-chan84,Involuntary_OutcomeOnsetReportSound,31,4.476072064993311,40759.73235322361,10604.18304397837,285143.7374600687,96189.36969767776,0.05053033131802084,0.13000371690462245,0.10080577394731395,0.08466587161266642
2,chan83-chan84,Involuntary_OutcomeOnsetReportSound,32,1.6353285891838716,12802.897769219888,3654.4849533627457,5882.438587943483,1202.0857034063633,0.05053033131802084,0.13000371690462245,0.10080577394731395,0.08466587161266642
2,chan83-chan84,Involuntary_OutcomeOnsetReportSound,33,-6.579811589751267,36570.28542446736,4342.771637645062,351313.96654015663,34589.471679130475,0.05053033131802084,0.13000371690462245,0.10080577394731395,0.08466587161266642
2,chan83-chan84,Involuntary_OutcomeOnsetReportSound,34,-32.019011680637085,296408.4287645057,134152.3074796528,262850.0589494039,144763.39463049662,0.05053033131802084,0.13000371690462245,0.10080577394731395,0.08466587161266642
2,chan83-chan84,Involuntary_OutcomeOnsetReportSound,35,-18.939367777378415,34970.038240468326,8517.500080627307,118855.75537306396,30225.145717390427,0.05053033131802084,0.13000371690462245,0.10080577394731395,0.08466587161266642
2,chan83-chan84,Involuntary_OutcomeOnsetReportSound,36,71.23686742668863,8098.693638342806,4050.851083780659,300849.7299806427,189466.7634056493,0.05053033131802084,0.13000371690462245,0.10080577394731395,0.08466587161266642
2,chan83-chan84,Involuntary_OutcomeOnsetReportSound,37,-14.782803400444816,11618.125728474086,3882.2961397483505,18565.784856098733,10726.66924274269,0.05053033131802084,0.13000371690462245,0.10080577394731395,0.08466587161266642
2,chan83-chan84,Involuntary_OutcomeOnsetReportSound,38,16.089319765120486,42347.98923435787,3135.3741690974243,15165.719870539107,39592.66456845006,0.05053033131802084,0.13000371690462245,0.10080577394731395,0.08466587161266642
2,chan83-chan84,Involuntary_OutcomeOnsetReportSound,39,-6.291831799765318,3788.9302642156517,5548.911913283318,1818.5722029077665,2003.9256683204108,0.05053033131802084,0.13000371690462245,0.10080577394731395,0.08466587161266642
2,chan83-chan84,Involuntary_OutcomeOnsetReportSound,40,-0.15383381184022898,8112.138300817773,2287.9678072240695,19280.5196154103,4351.151230743308,0.05053033131802084,0.13000371690462245,0.10080577394731395,0.08466587161266642
2,chan83-chan84,Involuntary_OutcomeOnsetReportSound,41,48.22612753798065,85639.815664648,17220.737852917908,414340.9863965507,257366.1627419051,0.05053033131802084,0.13000371690462245,0.10080577394731395,0.08466587161266642
2,chan83-chan84,Involuntary_OutcomeOnsetReportSound,42,-25.940277244708412,15421.038625731322,5592.485395217242,332825.8034752806,49428.47556709141,0.05053033131802084,0.13000371690462245,0.10080577394731395,0.08466587161266642
2,chan83-chan84,Involuntary_OutcomeOnsetReportSound,43,27.7021101920649,15821.241648493618,12429.900323994969,829465.5680701892,70635.3481813056,0.05053033131802084,0.13000371690462245,0.10080577394731395,0.08466587161266642
2,chan83-chan84,Involuntary_OutcomeOnsetReportSound,44,3.418249642663698,3372.6594071909926,1656.256049321026,58090.50049609843,7122.000874717614,0.05053033131802084,0.13000371690462245,0.10080577394731395,0.08466587161266642
2,chan83-chan84,Involuntary_OutcomeOnsetReportSound,45,16.41990830454232,83713.378592077,63826.42113938727,2064132.820856176,543754.5886447541,0.05053033131802084,0.13000371690462245,0.10080577394731395,0.08466587161266642
2,chan83-chan84,Involuntary_OutcomeOnsetReportSound,46,-24.490759154986566,30189.41622724215,6708.475671000468,123765.29430549941,9596.328413354524,0.05053033131802084,0.13000371690462245,0.10080577394731395,0.08466587161266642
2,chan83-chan84,Involuntary_OutcomeOnsetReportSound,47,-39.74837917736962,19610.313304644962,8779.630143369382,24298.41410495898,56467.22970640634,0.05053033131802084,0.13000371690462245,0.10080577394731395,0.08466587161266642
2,chan83-chan84,Involuntary_OutcomeOnsetReportSound,48,29.613327782344488,86488.19536979638,9699.582549191942,306959.9537555541,32370.039911710213,0.05053033131802084,0.13000371690462245,0.10080577394731395,0.08466587161266642
2,chan83-chan84,Involuntary_OutcomeOnsetReportSound,49,4.935954658448226,8379.730868962546,7039.0285166559015,265892.9359038265,23862.314665997743,0.05053033131802084,0.13000371690462245,0.10080577394731395,0.08466587161266642
2,chan83-chan84,Involuntary_OutcomeOnsetReportSound,50,28.76282484706465,3317.649823072108,3031.0860228664833,3825.523221520654,5185.567377510324,0.05053033131802084,0.13000371690462245,0.10080577394731395,0.08466587161266642
2,chan83-chan84,Involuntary_OutcomeOnsetReportSound,51,-0.16636033814671858,68948.52544800357,5262.111648138618,115027.63502006317,23446.091297464776,0.05053033131802084,0.13000371690462245,0.10080577394731395,0.08466587161266642
2,chan83-chan84,Involuntary_OutcomeOnsetReportSound,52,127.21275516242046,6504.690826262875,7423.181248581248,425382.28596970736,46592.803158152405,0.05053033131802084,0.13000371690462245,0.10080577394731395,0.08466587161266642
2,chan83-chan84,Involuntary_OutcomeOnsetReportSound,53,48.431251717593746,243393.99079282102,152153.296926735,1547047.9855763305,255251.19465146045,0.05053033131802084,0.13000371690462245,0.10080577394731395,0.08466587161266642
2,chan83-chan84,Involuntary_OutcomeOnsetReportSound,54,19.218316631736382,27096.670250381052,3413.9808318058317,259995.3128610446,196988.63353695857,0.05053033131802084,0.13000371690462245,0.10080577394731395,0.08466587161266642
2,chan83-chan84,Involuntary_OutcomeOnsetReportSound,55,-4.021629924221983,6218.533498217545,2153.0156610437366,12542.85804976046,20169.00454005041,0.05053033131802084,0.13000371690462245,0.10080577394731395,0.08466587161266642
2,chan83-chan84,Involuntary_OutcomeOnsetReportSound,56,32.14791130710799,46160.19412404481,3179.923156540663,34113.567855187895,107380.58660598959,0.05053033131802084,0.13000371690462245,0.10080577394731395,0.08466587161266642
2,chan83-chan84,Involuntary_OutcomeOnsetReportSound,57,8.257681765998806,5314.59353281205,2727.734537518001,310004.73080575,23889.092158286167,0.05053033131802084,0.13000371690462245,0.10080577394731395,0.08466587161266642
2,chan83-chan84,Involuntary_OutcomeOnsetReportSound,58,-7.698612275835974,55369.36972447273,4528.230739662156,80814.32480457821,61500.765059915204,0.05053033131802084,0.13000371690462245,0.10080577394731395,0.08466587161266642
2,chan83-chan84,Voluntary_OutcomeOnsetReportSound,1,37.7110009124174,13941.378875159093,4957.905601329893,61863.69912029825,28853.559606008774,0.13059228228969022,0.14458363798588914,0.2879264757801729,0.09168519670653305
2,chan83-chan84,Voluntary_OutcomeOnsetReportSound,2,-10.69545293941952,4893.457933769628,6172.232037829935,33630.589439506555,22383.28285576507,0.13059228228969022,0.14458363798588914,0.2879264757801729,0.09168519670653305
2,chan83-chan84,Voluntary_OutcomeOnsetReportSound,3,-4.825190833920795,9298.469224621866,8983.604898844798,108411.9548550165,46071.29696722234,0.13059228228969022,0.14458363798588914,0.2879264757801729,0.09168519670653305
2,chan83-chan84,Voluntary_OutcomeOnsetReportSound,4,-0.09943984934699733,10915.737036339802,9309.420261591655,51033.6561808056,33497.11640391305,0.13059228228969022,0.14458363798588914,0.2879264757801729,0.09168519670653305
2,chan83-chan84,Voluntary_OutcomeOnsetReportSound,5,-53.199459558772745,59780.545968247854,5209.419034470183,78425.01552284007,55688.52750993558,0.13059228228969022,0.14458363798588914,0.2879264757801729,0.09168519670653305
2,chan83-chan84,Voluntary_OutcomeOnsetReportSound,7,37.46599874004456,6278.524841173926,5812.907733400324,96866.23109178005,101366.03619421576,0.13059228228969022,0.14458363798588914,0.2879264757801729,0.09168519670653305
2,chan83-chan84,Voluntary_OutcomeOnsetReportSound,8,9.140822418536288,22919.164763565255,6010.050592194957,19728.57261517667,47886.45473815516,0.13059228228969022,0.14458363798588914,0.2879264757801729,0.09168519670653305
2,chan83-chan84,Voluntary_OutcomeOnsetReportSound,9,48.24179424619402,21044.581652475965,7250.073414756368,158433.0555177235,18552.277921370634,0.13059228228969022,0.14458363798588914,0.2879264757801729,0.09168519670653305
2,chan83-chan84,Voluntary_OutcomeOnsetReportSound,10,13.413716679595543,3430.8472902878107,6951.98751987568,70072.09727303655,37406.58593725245,0.13059228228969022,0.14458363798588914,0.2879264757801729,0.09168519670653305
2,chan83-chan84,Voluntary_OutcomeOnsetReportSound,11,-51.02676690527393,81562.12669603665,7469.885522820773,51041.12438872369,121791.41149163371,0.13059228228969022,0.14458363798588914,0.2879264757801729,0.09168519670653305
2,chan83-chan84,Voluntary_OutcomeOnsetReportSound,13,20.966188724996027,12152.646338935025,5278.175982004025,219331.71147462193,45610.71003320955,0.13059228228969022,0.14458363798588914,0.2879264757801729,0.09168519670653305
2,chan83-chan84,Voluntary_OutcomeOnsetReportSound,14,-0.7744942278014018,14780.098683481783,4322.624861997663,184785.8701522948,37951.04196296184,0.13059228228969022,0.14458363798588914,0.2879264757801729,0.09168519670653305
2,chan83-chan84,Voluntary_OutcomeOnsetReportSound,15,-1.1241043094084506,2917.2625082361947,1241.5447296665168,1095420.1435982937,98649.71432830453,0.13059228228969022,0.14458363798588914,0.2879264757801729,0.09168519670653305
2,chan83-chan84,Voluntary_OutcomeOnsetReportSound,17,11.500416710865526,22275.864392045278,6987.264983194978,89752.98625434787,51523.41789730333,0.13059228228969022,0.14458363798588914,0.2879264757801729,0.09168519670653305
2,chan83-chan84,Voluntary_OutcomeOnsetReportSound,18,44.56408387898746,3865.4956316426096,2764.319667375532,93191.79562315349,16254.720552393954,0.13059228228969022,0.14458363798588914,0.2879264757801729,0.09168519670653305
2,chan83-chan84,Voluntary_OutcomeOnsetReportSound,19,-7.978822451239998,9671.596550452465,8275.586597701773,89890.17271391736,24321.04513963385,0.13059228228969022,0.14458363798588914,0.2879264757801729,0.09168519670653305
2,chan83-chan84,Voluntary_OutcomeOnsetReportSound,20,-11.880079957946654,6038.436862422606,7104.601921053128,21916.770020574935,28053.140242779165,0.13059228228969022,0.14458363798588914,0.2879264757801729,0.09168519670653305
2,chan83-chan84,Voluntary_OutcomeOnsetReportSound,21,-62.59917807743725,29653.199511942385,3205.8547551980914,161650.36236082518,130846.73385124777,0.13059228228969022,0.14458363798588914,0.2879264757801729,0.09168519670653305
2,chan83-chan84,Voluntary_OutcomeOnsetReportSound,22,-11.975800226184715,21559.738426263677,4538.294350051021,204855.30852352254,48174.68479370315,0.13059228228969022,0.14458363798588914,0.2879264757801729,0.09168519670653305
2,chan83-chan84,Voluntary_OutcomeOnsetReportSound,23,-17.455816799669602,19284.361964542128,1193.8561582941811,29867.68900389849,33956.04092577893,0.13059228228969022,0.14458363798588914,0.2879264757801729,0.09168519670653305
2,chan83-chan84,Voluntary_OutcomeOnsetReportSound,24,-4.098309794510331,12043.215390768497,5494.071956730705,45576.55774317791,6106.416187262846,0.13059228228969022,0.14458363798588914,0.2879264757801729,0.09168519670653305
2,chan83-chan84,Voluntary_OutcomeOnsetReportSound,25,-23.713608136621485,32362.650092835018,10391.006785149137,85992.33331778597,70951.22777622147,0.13059228228969022,0.14458363798588914,0.2879264757801729,0.09168519670653305
2,chan83-chan84,Voluntary_OutcomeOnsetReportSound,26,-45.174158328399145,18639.19271415521,2762.1494122006834,24799.69917281867,31921.492554913446,0.13059228228969022,0.14458363798588914,0.2879264757801729,0.09168519670653305
2,chan83-chan84,Voluntary_OutcomeOnsetReportSound,27,23.459813612750228,18828.296558515824,3552.156808943016,1530.2675719049034,22326.450029759304,0.13059228228969022,0.14458363798588914,0.2879264757801729,0.09168519670653305
2,chan83-chan84,Voluntary_OutcomeOnsetReportSound,28,-52.953931973186286,39768.81496486527,3029.6459417848873,285324.79546671995,56243.11547354472,0.13059228228969022,0.14458363798588914,0.2879264757801729,0.09168519670653305
2,chan83-chan84,Voluntary_OutcomeOnsetReportSound,29,-4.93380857735918,10101.554239222514,8068.440253442819,46238.73208332484,4987.887413581402,0.13059228228969022,0.14458363798588914,0.2879264757801729,0.09168519670653305
2,chan83-chan84,Voluntary_OutcomeOnsetReportSound,30,-15.153696325290353,4872.100515535369,4198.230606911146,86682.71565408561,22564.265537126692,0.13059228228969022,0.14458363798588914,0.2879264757801729,0.09168519670653305
2,chan83-chan84,Voluntary_OutcomeOnsetReportSound,31,18.481991899846296,42932.14976662959,8973.346035443008,450531.8111159275,204625.01495163026,0.13059228228969022,0.14458363798588914,0.2879264757801729,0.09168519670653305
2,chan83-chan84,Voluntary_OutcomeOnsetReportSound,32,-2.4251043008035555,4158608.999390247,1582830.1076548672,16782099.886859246,6337887.893900129,0.13059228228969022,0.14458363798588914,0.2879264757801729,0.09168519670653305
2,chan83-chan84,Voluntary_OutcomeOnsetReportSound,33,-43.76710986150963,19945.336561668315,2821.2926018365206,61642.36933504693,32442.07017056803,0.13059228228969022,0.14458363798588914,0.2879264757801729,0.09168519670653305
2,chan83-chan84,Voluntary_OutcomeOnsetReportSound,34,31.27833108049407,2122.0096033522277,1961.206054366752,64915.85304603264,4593.245858754579,0.13059228228969022,0.14458363798588914,0.2879264757801729,0.09168519670653305
2,chan83-chan84,Voluntary_OutcomeOnsetReportSound,35,-9.953116938309451,23596.563405024583,6943.57676769056,151761.4395785617,62931.917790404965,0.13059228228969022,0.14458363798588914,0.2879264757801729,0.09168519670653305
2,chan83-chan84,Voluntary_OutcomeOnsetReportSound,36,5.28041908975384,3475.3548096051372,4336.625851679787,4198.922963172079,6569.022091850273,0.13059228228969022,0.14458363798588914,0.2879264757801729,0.09168519670653305
2,chan83-chan84,Voluntary_OutcomeOnsetReportSound,37,12.670376873117732,12558.726855290139,5023.217660383983,30302.808347992748,21949.195273451045,0.13059228228969022,0.14458363798588914,0.2879264757801729,0.09168519670653305
2,chan83-chan84,Voluntary_OutcomeOnsetReportSound,38,8.723324281210788,18446.010227516606,2928.3809893914004,215943.86328742135,78150.71847588557,0.13059228228969022,0.14458363798588914,0.2879264757801729,0.09168519670653305
2,chan83-chan84,Voluntary_OutcomeOnsetReportSound,39,12.848499321328731,17555.022182624904,6649.465229984809,1963.979484775145,6466.443500781958,0.13059228228969022,0.14458363798588914,0.2879264757801729,0.09168519670653305
2,chan83-chan84,Voluntary_OutcomeOnsetReportSound,40,16.45294907181055,35271.76512412894,6567.122633538268,45922.578899514876,37349.27233704331,0.13059228228969022,0.14458363798588914,0.2879264757801729,0.09168519670653305
2,chan83-chan84,Voluntary_OutcomeOnsetReportSound,41,15.071703802016764,29107.872787800807,5315.0900511974105,530645.0426208695,65165.597571916645,0.13059228228969022,0.14458363798588914,0.2879264757801729,0.09168519670653305
2,chan83-chan84,Voluntary_OutcomeOnsetReportSound,42,-7.555778485851041,3705.477138022909,5801.552175678915,138455.8579157507,117766.62346828272,0.13059228228969022,0.14458363798588914,0.2879264757801729,0.09168519670653305
2,chan83-chan84,Voluntary_OutcomeOnsetReportSound,43,25.27341538997312,3665.640992979957,8930.028084738458,63423.67157788059,60263.17127500845,0.13059228228969022,0.14458363798588914,0.2879264757801729,0.09168519670653305
2,chan83-chan84,Voluntary_OutcomeOnsetReportSound,44,-33.93088292796181,74610.45393473323,2489.670320841943,329760.1286736158,109890.54111552816,0.13059228228969022,0.14458363798588914,0.2879264757801729,0.09168519670653305
2,chan83-chan84,Voluntary_OutcomeOnsetReportSound,45,-17.13326395719115,24668.71822114626,11621.645785647148,109931.40528853607,70747.34130610671,0.13059228228969022,0.14458363798588914,0.2879264757801729,0.09168519670653305
2,chan83-chan84,Voluntary_OutcomeOnsetReportSound,46,-1.2243313753317226,11150.088127049508,3687.4481808275636,91735.95998063558,42890.90432789827,0.13059228228969022,0.14458363798588914,0.2879264757801729,0.09168519670653305
2,chan83-chan84,Voluntary_OutcomeOnsetReportSound,47,18.473439958381658,25664.96959560892,11656.929858842283,205778.64881407964,35865.56996267884,0.13059228228969022,0.14458363798588914,0.2879264757801729,0.09168519670653305
2,chan83-chan84,Voluntary_OutcomeOnsetReportSound,48,11.566957914178824,51629.49613972246,4123.681671075037,3455.013981147333,45425.72204267312,0.13059228228969022,0.14458363798588914,0.2879264757801729,0.09168519670653305
2,chan83-chan84,Voluntary_OutcomeOnsetReportSound,49,-12.908300337031363,17139.74628821129,2501.108312512546,7049.628969618612,7383.744479849747,0.13059228228969022,0.14458363798588914,0.2879264757801729,0.09168519670653305
2,chan83-chan84,Voluntary_OutcomeOnsetReportSound,50,-12.66305449286268,22246.404385792437,4811.296459719768,76354.75982103376,16409.628898347222,0.13059228228969022,0.14458363798588914,0.2879264757801729,0.09168519670653305
2,chan83-chan84,Voluntary_OutcomeOnsetReportSound,51,39.43512887130496,20658.92787297063,7058.867691567173,52063.71974513184,41676.02821790286,0.13059228228969022,0.14458363798588914,0.2879264757801729,0.09168519670653305
2,chan83-chan84,Voluntary_OutcomeOnsetReportSound,53,-8.389320888540327,11507.673795719453,3944.1199847129496,243015.5164798773,79045.25548750916,0.13059228228969022,0.14458363798588914,0.2879264757801729,0.09168519670653305
2,chan83-chan84,Voluntary_OutcomeOnsetReportSound,54,-9.136373011578005,19292.35167224521,3062.724321786431,95159.0018673124,118600.2953823795,0.13059228228969022,0.14458363798588914,0.2879264757801729,0.09168519670653305
2,chan83-chan84,Voluntary_OutcomeOnsetReportSound,55,8.096820978145207,16906.104227974844,3120.4170574274117,5779.555680181452,51896.242695999565,0.13059228228969022,0.14458363798588914,0.2879264757801729,0.09168519670653305
2,chan83-chan84,Voluntary_OutcomeOnsetReportSound,56,16.09455517962609,21727.626694332303,11176.520775930061,38684.202378913455,9840.009401525103,0.13059228228969022,0.14458363798588914,0.2879264757801729,0.09168519670653305
2,chan83-chan84,Voluntary_OutcomeOnsetReportSound,57,-20.84967450076855,7596.187521810699,3217.8955374546763,65886.77626801397,79086.63022929593,0.13059228228969022,0.14458363798588914,0.2879264757801729,0.09168519670653305
2,chan83-chan84,Voluntary_OutcomeOnsetReportSound,58,16.945449654990455,31859.282026781493,5276.534694090538,154040.1405332335,102175.64073914372,0.13059228228969022,0.14458363798588914,0.2879264757801729,0.09168519670653305
2,chan83-chan84,Voluntary_OutcomeOnsetReportSound,59,6.219358548106083,5558.072218233401,3274.262860267219,26971.548301169034,36649.56435280586,0.13059228228969022,0.14458363798588914,0.2879264757801729,0.09168519670653305
2,chan83-chan84,Voluntary_OutcomeOnsetReportSound,60,-20.795928536925437,22441.09793205422,2019.5387495874238,42254.01153208667,29549.436932972185,0.13059228228969022,0.14458363798588914,0.2879264757801729,0.09168519670653305
4,chan10-chan11,Involuntary_OutcomeOnsetReportSound,2,-21.85439607930232,10912.893442186043,7967.406842562103,70853.2932446393,62159.221167517535,0.06299506881960892,0.10787071043788703,0.134326855310189,0.08967118698197324
4,chan10-chan11,Involuntary_OutcomeOnsetReportSound,3,-8.753967266626177,26261.6915124149,4827.982023265897,119866.67005749307,42352.20941203465,0.06299506881960892,0.10787071043788703,0.134326855310189,0.08967118698197324
4,chan10-chan11,Involuntary_OutcomeOnsetReportSound,4,7.776080977614155,6668.217442676078,6241.59315433745,4967.118371652331,9311.770255882378,0.06299506881960892,0.10787071043788703,0.134326855310189,0.08967118698197324
4,chan10-chan11,Involuntary_OutcomeOnsetReportSound,5,-22.7737989528768,12036.324302341887,7279.370259347427,164493.44176950632,32012.924471083552,0.06299506881960892,0.10787071043788703,0.134326855310189,0.08967118698197324
4,chan10-chan11,Involuntary_OutcomeOnsetReportSound,6,19.620736035369077,21929.52399452172,10117.871384667547,9903.2762019445,7439.417585256605,0.06299506881960892,0.10787071043788703,0.134326855310189,0.08967118698197324
4,chan10-chan11,Involuntary_OutcomeOnsetReportSound,7,-37.731476118412914,38752.85349014215,9925.093502221735,22820.805011730456,90967.298743025,0.06299506881960892,0.10787071043788703,0.134326855310189,0.08967118698197324
4,chan10-chan11,Involuntary_OutcomeOnsetReportSound,8,58.583737690733535,30101.368210752906,18010.850535126436,196285.34653022123,240630.95708499706,0.06299506881960892,0.10787071043788703,0.134326855310189,0.08967118698197324
4,chan10-chan11,Involuntary_OutcomeOnsetReportSound,9,-12.785342421977381,105510.11870768182,11579.74145794387,93826.63591944656,82890.84063735769,0.06299506881960892,0.10787071043788703,0.134326855310189,0.08967118698197324
4,chan10-chan11,Involuntary_OutcomeOnsetReportSound,10,-1.0712897711246454,52662.83352527393,16374.364603716118,39833.54854326713,129618.62774932048,0.06299506881960892,0.10787071043788703,0.134326855310189,0.08967118698197324
4,chan10-chan11,Involuntary_OutcomeOnsetReportSound,11,18.499539059042316,93507.88648426658,6872.654994754572,84481.81281676084,94711.10156388591,0.06299506881960892,0.10787071043788703,0.134326855310189,0.08967118698197324
4,chan10-chan11,Involuntary_OutcomeOnsetReportSound,12,-34.876689225416534,42492.671915095525,10675.40211352423,212398.533191308,34950.13598262504,0.06299506881960892,0.10787071043788703,0.134326855310189,0.08967118698197324
4,chan10-chan11,Involuntary_OutcomeOnsetReportSound,13,-21.60928362394621,32415.62153916011,9112.0518370647,98987.1851079238,64065.747913150735,0.06299506881960892,0.10787071043788703,0.134326855310189,0.08967118698197324
4,chan10-chan11,Involuntary_OutcomeOnsetReportSound,14,20.21641379477078,1649.972502351104,5159.774201997421,175542.22854624756,34282.56662929992,0.06299506881960892,0.10787071043788703,0.134326855310189,0.08967118698197324
4,chan10-chan11,Involuntary_OutcomeOnsetReportSound,15,-6.210633640333605,35101.87996940312,6991.6279507154,156219.24024544033,171269.48023975492,0.06299506881960892,0.10787071043788703,0.134326855310189,0.08967118698197324
4,chan10-chan11,Involuntary_OutcomeOnsetReportSound,16,28.164085934991494,32479.321258662298,4810.440900829697,78517.23068766989,273791.6962092147,0.06299506881960892,0.10787071043788703,0.134326855310189,0.08967118698197324
4,chan10-chan11,Involuntary_OutcomeOnsetReportSound,17,41.22363344372182,14166.642152270333,9995.737168351592,2230.867712045374,15234.479620612068,0.06299506881960892,0.10787071043788703,0.134326855310189,0.08967118698197324
4,chan10-chan11,Involuntary_OutcomeOnsetReportSound,18,-24.346470457149827,20239.812252043524,13532.212975356197,49609.0763540626,13275.738809648403,0.06299506881960892,0.10787071043788703,0.134326855310189,0.08967118698197324
4,chan10-chan11,Involuntary_OutcomeOnsetReportSound,19,47.46386967786006,19059.439811977078,5414.842552262834,165482.0267915309,137818.52908379355,0.06299506881960892,0.10787071043788703,0.134326855310189,0.08967118698197324
4,chan10-chan11,Involuntary_OutcomeOnsetReportSound,20,-7.647877036968887,87907.5933230173,2754.9178849662003,69317.59865979051,103444.4879973063,0.06299506881960892,0.10787071043788703,0.134326855310189,0.08967118698197324
4,chan10-chan11,Involuntary_OutcomeOnsetReportSound,21,45.21563623832504,8322.615599878904,4548.323183053171,313830.5308979062,224019.57124040276,0.06299506881960892,0.10787071043788703,0.134326855310189,0.08967118698197324
4,chan10-chan11,Involuntary_OutcomeOnsetReportSound,22,-8.143412162030627,3133.682862113534,3806.221725431442,52269.276672257445,5294.713992593781,0.06299506881960892,0.10787071043788703,0.134326855310189,0.08967118698197324
4,chan10-chan11,Involuntary_OutcomeOnsetReportSound,23,-56.68488394403317,25382.29918811556,6649.989409557936,128163.48564266598,176601.56930030635,0.06299506881960892,0.10787071043788703,0.134326855310189,0.08967118698197324
4,chan10-chan11,Involuntary_OutcomeOnsetReportSound,24,1.768781381176293,71418.57190387425,12606.677732474833,236029.13706121952,67112.514830685,0.06299506881960892,0.10787071043788703,0.134326855310189,0.08967118698197324
4,chan10-chan11,Involuntary_OutcomeOnsetReportSound,25,20.91268689155472,6188.799985078411,4838.468854614647,116196.88352614745,10528.671965694906,0.06299506881960892,0.10787071043788703,0.134326855310189,0.08967118698197324
4,chan10-chan11,Involuntary_OutcomeOnsetReportSound,26,-10.224424651469574,48517.40902719068,10081.670765473902,25851.140230688285,101270.05542668965,0.06299506881960892,0.10787071043788703,0.134326855310189,0.08967118698197324
4,chan10-chan11,Involuntary_OutcomeOnsetReportSound,27,18.274174026009092,7238.43435748096,4462.555276030391,26176.758434824646,26335.82201454303,0.06299506881960892,0.10787071043788703,0.134326855310189,0.08967118698197324
4,chan10-chan11,Involuntary_OutcomeOnsetReportSound,28,-81.46464143927281,3856.4454027836828,10971.762513873864,147638.30694303664,69532.26235458282,0.06299506881960892,0.10787071043788703,0.134326855310189,0.08967118698197324
4,chan10-chan11,Involuntary_OutcomeOnsetReportSound,29,-6.868109219620155,16574.639885105844,15075.34688834177,199232.2168414306,190282.78535434583,0.06299506881960892,0.10787071043788703,0.134326855310189,0.08967118698197324
4,chan10-chan11,Involuntary_OutcomeOnsetReportSound,30,18.871118211801594,11467.860746218863,11418.972989086991,16268.572587205459,119495.60816238959,0.06299506881960892,0.10787071043788703,0.134326855310189,0.08967118698197324
4,chan10-chan11,Involuntary_OutcomeOnsetReportSound,31,-5.218184336630756,45101.18074075796,4520.127755227535,90348.71998125386,17398.967858540684,0.06299506881960892,0.10787071043788703,0.134326855310189,0.08967118698197324
4,chan10-chan11,Involuntary_OutcomeOnsetReportSound,32,-27.227875072225277,33410.83814257905,4569.891730826459,45147.47887101645,75520.65269525842,0.06299506881960892,0.10787071043788703,0.134326855310189,0.08967118698197324
4,chan10-chan11,Involuntary_OutcomeOnsetReportSound,33,-48.12253645517918,18665.5337356413,6776.8936263743735,251641.7427872323,65507.669091206604,0.06299506881960892,0.10787071043788703,0.134326855310189,0.08967118698197324
4,chan10-chan11,Involuntary_OutcomeOnsetReportSound,34,37.9423054834149,36833.5856301034,4366.621260433217,127244.04500882461,67511.59460112631,0.06299506881960892,0.10787071043788703,0.134326855310189,0.08967118698197324
4,chan10-chan11,Involuntary_OutcomeOnsetReportSound,35,5.644272107646159,69006.63899973026,8870.975877720319,896458.7766273553,423786.2165854844,0.06299506881960892,0.10787071043788703,0.134326855310189,0.08967118698197324
4,chan10-chan11,Involuntary_OutcomeOnsetReportSound,36,-5.184621289647534,6213.5864102923615,6755.779829142116,189295.98649346767,69711.49970889598,0.06299506881960892,0.10787071043788703,0.134326855310189,0.08967118698197324
4,chan10-chan11,Involuntary_OutcomeOnsetReportSound,37,1.4925517674121547,5789.550334515158,3831.7361881154225,75717.27689797455,34055.11556114734,0.06299506881960892,0.10787071043788703,0.134326855310189,0.08967118698197324
4,chan10-chan11,Involuntary_OutcomeOnsetReportSound,38,-12.571894143533852,3765.05977989667,4081.1347579650424,52927.22730875725,18688.978958302192,0.06299506881960892,0.10787071043788703,0.134326855310189,0.08967118698197324
4,chan10-chan11,Involuntary_OutcomeOnsetReportSound,39,24.142142189294184,75866.0334973372,14430.859370215328,58395.194899071605,26533.082895290656,0.06299506881960892,0.10787071043788703,0.134326855310189,0.08967118698197324
4,chan10-chan11,Involuntary_OutcomeOnsetReportSound,40,16.923600077474703,4844.466700374923,3630.205295168022,274510.3136758936,38407.744222962785,0.06299506881960892,0.10787071043788703,0.134326855310189,0.08967118698197324
4,chan10-chan11,Involuntary_OutcomeOnsetReportSound,41,25.5320643583783,34418.15487770446,8521.679859840517,24303.839748016744,64614.182183836645,0.06299506881960892,0.10787071043788703,0.134326855310189,0.08967118698197324
4,chan10-chan11,Involuntary_OutcomeOnsetReportSound,42,-41.55739485969654,45168.98929221714,10882.655332061324,177352.6131420501,187044.3334434762,0.06299506881960892,0.10787071043788703,0.134326855310189,0.08967118698197324
4,chan10-chan11,Involuntary_OutcomeOnsetReportSound,43,-13.545410905155538,50362.19477910875,6408.498935390812,3074.90484423697,11870.158023195749,0.06299506881960892,0.10787071043788703,0.134326855310189,0.08967118698197324
4,chan10-chan11,Involuntary_OutcomeOnsetReportSound,44,-32.867127509277694,36951.86294664374,4965.546202673363,257710.20719045872,110878.68600609293,0.06299506881960892,0.10787071043788703,0.134326855310189,0.08967118698197324
4,chan10-chan11,Involuntary_OutcomeOnsetReportSound,45,-10.23413514879462,55087.41651537907,5156.4443480685195,82082.46845568223,87274.55727107935,0.06299506881960892,0.10787071043788703,0.134326855310189,0.08967118698197324
4,chan10-chan11,Involuntary_OutcomeOnsetReportSound,46,6.219397100984479,32883.37969552544,9719.329236182119,252579.79024396537,38900.83944969541,0.06299506881960892,0.10787071043788703,0.134326855310189,0.08967118698197324
4,chan10-chan11,Involuntary_OutcomeOnsetReportSound,47,-26.056631656601866,16808.487871530193,3023.553098774241,34855.4180721217,109692.73920598629,0.06299506881960892,0.10787071043788703,0.134326855310189,0.08967118698197324
4,chan10-chan11,Involuntary_OutcomeOnsetReportSound,48,-23.96876382509288,14110.17919114019,5858.576848234596,145711.62428913332,39806.103732768686,0.06299506881960892,0.10787071043788703,0.134326855310189,0.08967118698197324
4,chan10-chan11,Involuntary_OutcomeOnsetReportSound,49,5.838164685171901,19591.646856958207,2260.1637333032627,275805.04734114377,44366.05902009711,0.06299506881960892,0.10787071043788703,0.134326855310189,0.08967118698197324
4,chan10-chan11,Involuntary_OutcomeOnsetReportSound,50,6.727861893297111,64862.401408012454,7293.360255143712,351340.30905453773,273307.45800553885,0.06299506881960892,0.10787071043788703,0.134326855310189,0.08967118698197324
4,chan10-chan11,Involuntary_OutcomeOnsetReportSound,51,-10.16962991511446,72639.2232471123,20881.80657187699,19257.58697438513,55930.535639113,0.06299506881960892,0.10787071043788703,0.134326855310189,0.08967118698197324
4,chan10-chan11,Involuntary_OutcomeOnsetReportSound,52,-4.702069264924318,2778.1566360803054,3453.9585001461583,331546.02710104064,38056.62228348029,0.06299506881960892,0.10787071043788703,0.134326855310189,0.08967118698197324
4,chan10-chan11,Involuntary_OutcomeOnsetReportSound,53,32.797061248764095,72705.8385103041,3891.3219146169126,25700.145489533465,49392.25570773969,0.06299506881960892,0.10787071043788703,0.134326855310189,0.08967118698197324
4,chan10-chan11,Involuntary_OutcomeOnsetReportSound,54,16.73723998604468,30342.176174913537,6426.276234590309,4017.9250110154194,32337.39031227452,0.06299506881960892,0.10787071043788703,0.134326855310189,0.08967118698197324
4,chan10-chan11,Involuntary_OutcomeOnsetReportSound,55,70.91952282763724,57851.396367124056,9434.256717385359,609201.4060891739,163126.83290604973,0.06299506881960892,0.10787071043788703,0.134326855310189,0.08967118698197324
4,chan10-chan11,Involuntary_OutcomeOnsetReportSound,56,6.531819985004872,12046.677972065943,11971.441527388195,254193.95146660978,89436.95191511467,0.06299506881960892,0.10787071043788703,0.134326855310189,0.08967118698197324
4,chan10-chan11,Involuntary_OutcomeOnsetReportSound,57,49.4278489951468,116666.93478243235,3308.7710723137293,167874.0786292618,145153.03664260003,0.06299506881960892,0.10787071043788703,0.134326855310189,0.08967118698197324
4,chan10-chan11,Involuntary_OutcomeOnsetReportSound,58,-13.022556950133387,6693.836977594195,11028.236343828938,62489.37254441858,101290.73279742764,0.06299506881960892,0.10787071043788703,0.134326855310189,0.08967118698197324
4,chan10-chan11,Involuntary_OutcomeOnsetReportSound,59,-47.08381628461526,20473.452472581906,6149.961624240986,21334.22460129874,52190.85676649667,0.06299506881960892,0.10787071043788703,0.134326855310189,0.08967118698197324
4,chan10-chan11,Involuntary_OutcomeOnsetReportSound,60,15.250126902939007,13796.835397792887,5212.340749192578,68078.47760630918,13287.21184955757,0.06299506881960892,0.10787071043788703,0.134326855310189,0.08967118698197324
4,chan10-chan11,Voluntary_OutcomeOnsetReportSound,1,8.863784855189127,17830.447257133048,3884.9012487204577,77648.63164649268,54498.371504389055,0.22361119005637795,0.0847561562533177,0.11662581374204516,0.1776097042561799
4,chan10-chan11,Voluntary_OutcomeOnsetReportSound,2,26.602063881160298,56137.21550629866,2922.3411484953235,97084.71368123326,99813.0730360144,0.22361119005637795,0.0847561562533177,0.11662581374204516,0.1776097042561799
4,chan10-chan11,Voluntary_OutcomeOnsetReportSound,3,-12.834944019220506,23434.817227981723,3806.9818648064684,30400.458587880014,46183.71520122401,0.22361119005637795,0.0847561562533177,0.11662581374204516,0.1776097042561799
4,chan10-chan11,Voluntary_OutcomeOnsetReportSound,4,-20.49910675652948,6922.683511376701,6661.568215017846,24680.154053387654,73113.5263176887,0.22361119005637795,0.0847561562533177,0.11662581374204516,0.1776097042561799
4,chan10-chan11,Voluntary_OutcomeOnsetReportSound,5,41.41507883410544,41126.41349253914,6833.101543372745,17972.472833986143,9592.984211618417,0.22361119005637795,0.0847561562533177,0.11662581374204516,0.1776097042561799
4,chan10-chan11,Voluntary_OutcomeOnsetReportSound,6,-4.249218349089993,34377.957177532655,2242.9307477325174,14294.149954700537,12678.818955204304,0.22361119005637795,0.0847561562533177,0.11662581374204516,0.1776097042561799
4,chan10-chan11,Voluntary_OutcomeOnsetReportSound,7,6.361167439451627,33383.32074872747,9900.160523033735,171837.14805103105,64524.30281549323,0.22361119005637795,0.0847561562533177,0.11662581374204516,0.1776097042561799
4,chan10-chan11,Voluntary_OutcomeOnsetReportSound,8,42.42090081409734,11538.88579879088,5909.652048423518,169371.94003371152,70631.94386497655,0.22361119005637795,0.0847561562533177,0.11662581374204516,0.1776097042561799
4,chan10-chan11,Voluntary_OutcomeOnsetReportSound,9,7.3349298303693855,68238.03529059807,7632.9882996871065,55916.87516720596,80721.4570055869,0.22361119005637795,0.0847561562533177,0.11662581374204516,0.1776097042561799
4,chan10-chan11,Voluntary_OutcomeOnsetReportSound,10,-1.0308613451076265,33571.4710317372,5527.451117069953,24041.65377354311,12573.541516374462,0.22361119005637795,0.0847561562533177,0.11662581374204516,0.1776097042561799
4,chan10-chan11,Voluntary_OutcomeOnsetReportSound,11,49.021526417619484,5699.644767583632,5569.175711584521,257235.50021122914,52187.80256150062,0.22361119005637795,0.0847561562533177,0.11662581374204516,0.1776097042561799
4,chan10-chan11,Voluntary_OutcomeOnsetReportSound,12,23.869826026270324,29521.847797065715,3959.743622785461,61608.520129030905,6419.68023494375,0.22361119005637795,0.0847561562533177,0.11662581374204516,0.1776097042561799
4,chan10-chan11,Voluntary_OutcomeOnsetReportSound,13,24.9351205234876,92197.3848585107,7306.497532699936,77695.47937197544,51134.46618775869,0.22361119005637795,0.0847561562533177,0.11662581374204516,0.1776097042561799
4,chan10-chan11,Voluntary_OutcomeOnsetReportSound,14,27.44525874149221,10044.548432993872,7582.61478260106,434497.2474993811,109662.67061565467,0.22361119005637795,0.0847561562533177,0.11662581374204516,0.1776097042561799
4,chan10-chan11,Voluntary_OutcomeOnsetReportSound,15,-52.00434356589173,12124.371510803896,5556.261235557347,165292.68988660787,153024.13712458895,0.22361119005637795,0.0847561562533177,0.11662581374204516,0.1776097042561799
4,chan10-chan11,Voluntary_OutcomeOnsetReportSound,16,-3.5955129771244656,26908.35149273866,3384.4618432374755,107195.73354201559,43170.645675183434,0.22361119005637795,0.0847561562533177,0.11662581374204516,0.1776097042561799
4,chan10-chan11,Voluntary_OutcomeOnsetReportSound,17,52.62538089523942,105069.67583121234,3933.9274010544787,160584.58166008527,81963.37231765664,0.22361119005637795,0.0847561562533177,0.11662581374204516,0.1776097042561799
4,chan10-chan11,Voluntary_OutcomeOnsetReportSound,18,45.46925122429884,33528.87678747142,5821.860216662405,82289.57260895877,36039.78388754419,0.22361119005637795,0.0847561562533177,0.11662581374204516,0.1776097042561799
4,chan10-chan11,Voluntary_OutcomeOnsetReportSound,19,-8.533544959685992,11962.83334547622,6879.127706269929,21262.719830385762,6511.2480942950815,0.22361119005637795,0.0847561562533177,0.11662581374204516,0.1776097042561799
4,chan10-chan11,Voluntary_OutcomeOnsetReportSound,20,16.867438960025904,18243.64128740875,5703.8076561549215,1795.1010648353415,5987.899300721284,0.22361119005637795,0.0847561562533177,0.11662581374204516,0.1776097042561799
4,chan10-chan11,Voluntary_OutcomeOnsetReportSound,21,-22.218751655461983,64202.00678439192,6837.285621233462,52473.46886983337,114575.37680948932,0.22361119005637795,0.0847561562533177,0.11662581374204516,0.1776097042561799
4,chan10-chan11,Voluntary_OutcomeOnsetReportSound,22,-12.646030585429662,64959.231851273085,5617.2423327748265,135195.9636880853,29778.860103223415,0.22361119005637795,0.0847561562533177,0.11662581374204516,0.1776097042561799
4,chan10-chan11,Voluntary_OutcomeOnsetReportSound,23,-26.260392603579692,82065.56699373676,4201.839440872344,108972.0517976832,119864.12556866687,0.22361119005637795,0.0847561562533177,0.11662581374204516,0.1776097042561799
4,chan10-chan11,Voluntary_OutcomeOnsetReportSound,24,11.870757253893172,27462.06114472646,5897.580536961175,248827.95938055526,95241.73877777717,0.22361119005637795,0.0847561562533177,0.11662581374204516,0.1776097042561799
4,chan10-chan11,Voluntary_OutcomeOnsetReportSound,25,4.704533961059908,59624.14148424023,6234.390109255481,221457.95887344654,81564.90883165739,0.22361119005637795,0.0847561562533177,0.11662581374204516,0.1776097042561799
4,chan10-chan11,Voluntary_OutcomeOnsetReportSound,26,35.93034577128045,8756.959479122806,4178.032715085828,328993.47197885666,167989.03664612537,0.22361119005637795,0.0847561562533177,0.11662581374204516,0.1776097042561799
4,chan10-chan11,Voluntary_OutcomeOnsetReportSound,27,37.05404871427475,111568.13855060088,3727.296396651061,162174.17557535198,254186.8582470035,0.22361119005637795,0.0847561562533177,0.11662581374204516,0.1776097042561799
4,chan10-chan11,Voluntary_OutcomeOnsetReportSound,28,52.16376969370319,2861.308431078065,1899.0662608414143,16495.67294590891,29702.72999180705,0.22361119005637795,0.0847561562533177,0.11662581374204516,0.1776097042561799
4,chan10-chan11,Voluntary_OutcomeOnsetReportSound,29,10.895399010259037,56707.99942543031,10655.470383409538,96871.09756376524,25485.400631480647,0.22361119005637795,0.0847561562533177,0.11662581374204516,0.1776097042561799
4,chan10-chan11,Voluntary_OutcomeOnsetReportSound,30,39.14291102318466,179325.02976007544,4928.446207238967,9073.067349367653,157655.33116742765,0.22361119005637795,0.0847561562533177,0.11662581374204516,0.1776097042561799
4,chan10-chan11,Voluntary_OutcomeOnsetReportSound,31,4.430365789099346,74947.41344582145,6783.111958534525,193058.44287490385,68057.71913244172,0.22361119005637795,0.0847561562533177,0.11662581374204516,0.1776097042561799
4,chan10-chan11,Voluntary_OutcomeOnsetReportSound,32,11.841939417109197,30583.611019578293,5256.612974327263,53400.021876133134,77238.04758159834,0.22361119005637795,0.0847561562533177,0.11662581374204516,0.1776097042561799
4,chan10-chan11,Voluntary_OutcomeOnsetReportSound,33,41.006688356930376,45363.438731855684,5797.446025374796,201990.79359604957,100118.14675497389,0.22361119005637795,0.0847561562533177,0.11662581374204516,0.1776097042561799
4,chan10-chan11,Voluntary_OutcomeOnsetReportSound,34,-7.216054548102984,20208.155422251584,5617.046512547845,36403.60676846025,33969.5201327278,0.22361119005637795,0.0847561562533177,0.11662581374204516,0.1776097042561799
4,chan10-chan11,Voluntary_OutcomeOnsetReportSound,35,-16.2802295126877,16599.900662284817,1855.5148344145214,46602.45821108866,4755.8554240538715,0.22361119005637795,0.0847561562533177,0.11662581374204516,0.1776097042561799
4,chan10-chan11,Voluntary_OutcomeOnsetReportSound,36,44.799026529393714,8336.449524666124,5464.877848425521,82592.8231814656,22523.875121052442,0.22361119005637795,0.0847561562533177,0.11662581374204516,0.1776097042561799
4,chan10-chan11,Voluntary_OutcomeOnsetReportSound,37,9.385896415479863,19626.563356946466,5617.28978974999,769862.9911873434,140702.57648204357,0.22361119005637795,0.0847561562533177,0.11662581374204516,0.1776097042561799
4,chan10-chan11,Voluntary_OutcomeOnsetReportSound,38,-8.163001509563372,7265.120223699687,8581.765829695618,132093.90874481024,22543.839049956783,0.22361119005637795,0.0847561562533177,0.11662581374204516,0.1776097042561799
4,chan10-chan11,Voluntary_OutcomeOnsetReportSound,39,12.5049290614127,59913.063809279185,4899.14396940523,293672.2258961736,122452.10674261139,0.22361119005637795,0.0847561562533177,0.11662581374204516,0.1776097042561799
4,chan10-chan11,Voluntary_OutcomeOnsetReportSound,40,-27.324907113952122,24880.56479756752,7960.017757903582,90560.04254543828,94074.43173286936,0.22361119005637795,0.0847561562533177,0.11662581374204516,0.1776097042561799
4,chan10-chan11,Voluntary_OutcomeOnsetReportSound,41,22.29520747493942,18778.51966347068,3800.832519069464,10006.451785516098,24628.07673878874,0.22361119005637795,0.0847561562533177,0.11662581374204516,0.1776097042561799
4,chan10-chan11,Voluntary_OutcomeOnsetReportSound,42,11.524721371882078,59167.38168823088,6461.5470433917735,75712.45772274095,90789.51644546824,0.22361119005637795,0.0847561562533177,0.11662581374204516,0.1776097042561799
4,chan10-chan11,Voluntary_OutcomeOnsetReportSound,43,-4.112234775758732,39736.04033706081,3995.659478455345,32834.31607412289,95191.05705432699,0.22361119005637795,0.0847561562533177,0.11662581374204516,0.1776097042561799
4,chan10-chan11,Voluntary_OutcomeOnsetReportSound,44,-11.25331739437988,25199.83035132617,15048.156796003037,28302.633256574565,28312.56360746898,0.22361119005637795,0.0847561562533177,0.11662581374204516,0.1776097042561799
4,chan10-chan11,Voluntary_OutcomeOnsetReportSound,45,-50.382585258364664,15996.769094507043,8831.642156319345,48331.552402027824,43379.57111646591,0.22361119005637795,0.0847561562533177,0.11662581374204516,0.1776097042561799
4,chan10-chan11,Voluntary_OutcomeOnsetReportSound,46,24.275215350950084,35492.408038671136,3827.8201332092385,43641.56537681157,116089.73592315099,0.22361119005637795,0.0847561562533177,0.11662581374204516,0.1776097042561799
4,chan10-chan11,Voluntary_OutcomeOnsetReportSound,47,-43.48495002777143,27436.24634405002,3066.7047951143454,351991.4509325901,33804.11837204432,0.22361119005637795,0.0847561562533177,0.11662581374204516,0.1776097042561799
4,chan10-chan11,Voluntary_OutcomeOnsetReportSound,48,39.18410279330043,40824.47738137534,2918.896887797825,26602.082950978413,24070.770369113365,0.22361119005637795,0.0847561562533177,0.11662581374204516,0.1776097042561799
4,chan10-chan11,Voluntary_OutcomeOnsetReportSound,49,15.423111504923236,55654.74518601867,7971.970030119629,89033.45511600768,104602.78244523604,0.22361119005637795,0.0847561562533177,0.11662581374204516,0.1776097042561799
4,chan10-chan11,Voluntary_OutcomeOnsetReportSound,50,13.558207422747936,57722.381859322886,3967.926508864198,92009.65564051099,45811.61900818422,0.22361119005637795,0.0847561562533177,0.11662581374204516,0.1776097042561799
4,chan10-chan11,Voluntary_OutcomeOnsetReportSound,51,43.82309584760792,21388.71918959651,14795.563894472793,151248.34589765058,94747.6477785212,0.22361119005637795,0.0847561562533177,0.11662581374204516,0.1776097042561799
4,chan10-chan11,Voluntary_OutcomeOnsetReportSound,52,-51.096362216738264,23062.639689380776,9384.34489511767,39167.73343261112,151601.8023435965,0.22361119005637795,0.0847561562533177,0.11662581374204516,0.1776097042561799
4,chan10-chan11,Voluntary_OutcomeOnsetReportSound,53,-28.42108171562607,12523.721564596017,5269.738114214906,60751.18964049717,17787.451572287842,0.22361119005637795,0.0847561562533177,0.11662581374204516,0.1776097042561799
4,chan10-chan11,Voluntary_OutcomeOnsetReportSound,54,-2.8229796367052753,42053.41530679936,2572.2679457562804,96601.9844033956,35960.259991466104,0.22361119005637795,0.0847561562533177,0.11662581374204516,0.1776097042561799
4,chan10-chan11,Voluntary_OutcomeOnsetReportSound,55,28.248909207787186,9190.984056703139,5121.495546208873,112837.72012584921,30160.216775627232,0.22361119005637795,0.0847561562533177,0.11662581374204516,0.1776097042561799
4,chan10-chan11,Voluntary_OutcomeOnsetReportSound,56,11.613221097098869,5514.212074693327,2302.7669405337356,49761.95429435547,22942.570753719345,0.22361119005637795,0.0847561562533177,0.11662581374204516,0.1776097042561799
4,chan10-chan11,Voluntary_OutcomeOnsetReportSound,57,31.897708297770663,2946.1300316264965,5149.091628202455,77335.91268724212,77901.23772664704,0.22361119005637795,0.0847561562533177,0.11662581374204516,0.1776097042561799
4,chan10-chan11,Voluntary_OutcomeOnsetReportSound,58,-9.003566691504458,4405.603997884515,7452.048052100124,260628.86486774756,75667.50794345852,0.22361119005637795,0.0847561562533177,0.11662581374204516,0.1776097042561799
4,chan10-chan11,Voluntary_OutcomeOnsetReportSound,59,13.497187984672955,33964.27064786567,3647.8971790449036,125754.36686831247,53066.85711958086,0.22361119005637795,0.0847561562533177,0.11662581374204516,0.1776097042561799
4,chan10-chan11,Voluntary_OutcomeOnsetReportSound,60,58.11706806773712,47534.2474935523,4280.472326265561,162164.92903225365,61041.354681804165,0.22361119005637795,0.0847561562533177,0.11662581374204516,0.1776097042561799
