subject,label,condition,trial,meanAmplitude,Alpha_bandPower,Beta_bandPower,Delta_bandPower,Gamma_bandPower,Theta_bandPower,Alpha_bandITPC,Beta_bandITPC,Delta_bandITPC,Gamma_bandITPC,Theta_bandITPC
2,chan64-chan65,Involuntary_OutcomeOnsetReportSound,1,8.443424366581398,2120.6223085879756,924.9530965845912,15070.154344876675,313.80795135756034,4877.708022567083,0.09881885615487626,0.10195318731742502,0.19366548860473834,0.13280107762607815,0.17972596319036874
2,chan64-chan65,Involuntary_OutcomeOnsetReportSound,2,-26.701757024955032,4227.038553188904,1251.2012297470037,30248.13158668744,312.3492759921264,18044.162767017126,0.09881885615487626,0.10195318731742502,0.19366548860473834,0.13280107762607815,0.17972596319036874
2,chan64-chan65,Involuntary_OutcomeOnsetReportSound,3,18.95621059733018,5927.444263901394,1162.9867597503828,34553.219563532824,216.12860701151183,15130.028275002065,0.09881885615487626,0.10195318731742502,0.19366548860473834,0.13280107762607815,0.17972596319036874
2,chan64-chan65,Involuntary_OutcomeOnsetReportSound,4,7.364652724667943,2059.066531830853,1506.7843560999158,15344.961600122679,137.59681869763637,5975.527361247421,0.09881885615487626,0.10195318731742502,0.19366548860473834,0.13280107762607815,0.17972596319036874
2,chan64-chan65,Involuntary_OutcomeOnsetReportSound,5,13.067639438704182,6454.6285549965705,628.1563470418247,29164.33432768928,86.10531321633121,19629.292339500647,0.09881885615487626,0.10195318731742502,0.19366548860473834,0.13280107762607815,0.17972596319036874
2,chan64-chan65,Involuntary_OutcomeOnsetReportSound,6,-37.04432027818475,1556.998857723768,1308.0162812331516,47524.77280381873,240.22330227887227,11965.084974922707,0.09881885615487626,0.10195318731742502,0.19366548860473834,0.13280107762607815,0.17972596319036874
2,chan64-chan65,Involuntary_OutcomeOnsetReportSound,7,3.635957631009147,5175.206616991719,1876.7012357005647,14986.392899264041,282.17441672296115,18357.150904012284,0.09881885615487626,0.10195318731742502,0.19366548860473834,0.13280107762607815,0.17972596319036874
2,chan64-chan65,Involuntary_OutcomeOnsetReportSound,8,-25.782384743052322,8045.745795422428,887.1576268759708,43934.25731691255,314.4150640274765,14268.397070575034,0.09881885615487626,0.10195318731742502,0.19366548860473834,0.13280107762607815,0.17972596319036874
2,chan64-chan65,Involuntary_OutcomeOnsetReportSound,9,-41.66261318804155,1505.8362091011468,784.8890162911928,25609.83039558116,136.63011677478028,7902.152643269576,0.09881885615487626,0.10195318731742502,0.19366548860473834,0.13280107762607815,0.17972596319036874
2,chan64-chan65,Involuntary_OutcomeOnsetReportSound,10,23.3512004306401,4044.7883562669567,2411.8870714542873,69608.82163957699,408.93792644082123,16829.12296914525,0.09881885615487626,0.10195318731742502,0.19366548860473834,0.13280107762607815,0.17972596319036874
2,chan64-chan65,Involuntary_OutcomeOnsetReportSound,11,16.144458051567046,4933.9891890321605,940.4019322691104,33198.86948672004,225.79233065979918,14567.326559028153,0.09881885615487626,0.10195318731742502,0.19366548860473834,0.13280107762607815,0.17972596319036874
2,chan64-chan65,Involuntary_OutcomeOnsetReportSound,12,-0.14900572564623146,2700.0028396876173,657.5853393494607,16090.340129539343,173.2295732884382,16366.209833681098,0.09881885615487626,0.10195318731742502,0.19366548860473834,0.13280107762607815,0.17972596319036874
2,chan64-chan65,Involuntary_OutcomeOnsetReportSound,13,-14.178724741238911,3617.5493232820254,1529.086028841525,17871.67429415787,132.4292573959653,28371.101927012034,0.09881885615487626,0.10195318731742502,0.19366548860473834,0.13280107762607815,0.17972596319036874
2,chan64-chan65,Involuntary_OutcomeOnsetReportSound,14,-15.391757433872748,2603.655241277278,933.5780254328413,3614.502077445378,284.5992789805441,2987.8410281437195,0.09881885615487626,0.10195318731742502,0.19366548860473834,0.13280107762607815,0.17972596319036874
2,chan64-chan65,Involuntary_OutcomeOnsetReportSound,15,34.88041504828339,7441.719465692738,1052.6039433562082,23722.229907251993,221.36823772049723,10695.128124153134,0.09881885615487626,0.10195318731742502,0.19366548860473834,0.13280107762607815,0.17972596319036874
2,chan64-chan65,Involuntary_OutcomeOnsetReportSound,16,-20.52998276538611,8047.17142931019,1191.725774602363,86477.09946514986,235.2305212950346,35470.02894540868,0.09881885615487626,0.10195318731742502,0.19366548860473834,0.13280107762607815,0.17972596319036874
2,chan64-chan65,Involuntary_OutcomeOnsetReportSound,17,-24.194597131656124,3332.059996502097,2089.5549187391834,366.37441225220925,317.1493201651785,3944.850454075104,0.09881885615487626,0.10195318731742502,0.19366548860473834,0.13280107762607815,0.17972596319036874
2,chan64-chan65,Involuntary_OutcomeOnsetReportSound,18,-8.7791077364143,2648.7410139966155,1570.161285168558,51187.504067695445,214.0993615250782,8178.02367994562,0.09881885615487626,0.10195318731742502,0.19366548860473834,0.13280107762607815,0.17972596319036874
2,chan64-chan65,Involuntary_OutcomeOnsetReportSound,19,22.766085172025708,8550.568663359747,1459.097062618204,29189.284048623933,244.48174123342534,23747.336682504672,0.09881885615487626,0.10195318731742502,0.19366548860473834,0.13280107762607815,0.17972596319036874
2,chan64-chan65,Involuntary_OutcomeOnsetReportSound,20,6.316836433031065,2161.6165940384885,1901.2970869354065,5074.783227608517,252.56278956007264,11845.98189727866,0.09881885615487626,0.10195318731742502,0.19366548860473834,0.13280107762607815,0.17972596319036874
2,chan64-chan65,Involuntary_OutcomeOnsetReportSound,21,-2.8600880707526053,4414.05562050888,2472.162881166568,9778.755477146986,174.36881489078357,5186.013411010504,0.09881885615487626,0.10195318731742502,0.19366548860473834,0.13280107762607815,0.17972596319036874
2,chan64-chan65,Involuntary_OutcomeOnsetReportSound,22,-3.639956318509214,3647.920144233314,912.3011776052508,30498.26731889497,120.92084911741495,23150.517483593274,0.09881885615487626,0.10195318731742502,0.19366548860473834,0.13280107762607815,0.17972596319036874
2,chan64-chan65,Involuntary_OutcomeOnsetReportSound,23,-58.669723783466644,2357.85624680912,1201.4676612567127,38493.59056290706,175.33597963595483,24255.839889044568,0.09881885615487626,0.10195318731742502,0.19366548860473834,0.13280107762607815,0.17972596319036874
2,chan64-chan65,Involuntary_OutcomeOnsetReportSound,24,35.88424572022412,9291.744778349344,1248.210931230114,64608.76846794663,190.1124302439216,28171.283669275177,0.09881885615487626,0.10195318731742502,0.19366548860473834,0.13280107762607815,0.17972596319036874
2,chan64-chan65,Involuntary_OutcomeOnsetReportSound,25,7.518762365317131,1637.820429311229,2008.1453247942234,2434.7414462885695,131.9205378187237,4924.135414525174,0.09881885615487626,0.10195318731742502,0.19366548860473834,0.13280107762607815,0.17972596319036874
2,chan64-chan65,Involuntary_OutcomeOnsetReportSound,26,11.227191324183565,1659.8033523778845,1158.6014854062387,56230.9564541047,321.47346630161474,21174.152021098,0.09881885615487626,0.10195318731742502,0.19366548860473834,0.13280107762607815,0.17972596319036874
2,chan64-chan65,Involuntary_OutcomeOnsetReportSound,27,4.395709464715561,11801.774281101572,1284.548822248765,70681.4889681505,155.61951714181666,40081.29108180704,0.09881885615487626,0.10195318731742502,0.19366548860473834,0.13280107762607815,0.17972596319036874
2,chan64-chan65,Involuntary_OutcomeOnsetReportSound,28,0.1073183633424537,2874.3075668947904,1202.8882140936607,16021.645864838056,226.8646666333816,5870.349447584184,0.09881885615487626,0.10195318731742502,0.19366548860473834,0.13280107762607815,0.17972596319036874
2,chan64-chan65,Involuntary_OutcomeOnsetReportSound,29,-10.660593919826734,3418.4823500121943,1768.1383714594342,28988.056174405898,216.69339973911832,8775.150560992037,0.09881885615487626,0.10195318731742502,0.19366548860473834,0.13280107762607815,0.17972596319036874
2,chan64-chan65,Involuntary_OutcomeOnsetReportSound,30,24.175627027355617,9230.863463936308,1137.691269256357,29696.840426211293,235.21950445960744,32090.8332027451,0.09881885615487626,0.10195318731742502,0.19366548860473834,0.13280107762607815,0.17972596319036874
2,chan64-chan65,Involuntary_OutcomeOnsetReportSound,31,6.431069094891563,532.3527967200034,939.6144329419169,9563.043151627893,256.93575932371965,988.2942663772642,0.09881885615487626,0.10195318731742502,0.19366548860473834,0.13280107762607815,0.17972596319036874
2,chan64-chan65,Involuntary_OutcomeOnsetReportSound,32,8.897861610820046,6845.742427026408,3920.661998018751,33502.63968463112,563.8889178997554,12856.273231499541,0.09881885615487626,0.10195318731742502,0.19366548860473834,0.13280107762607815,0.17972596319036874
2,chan64-chan65,Involuntary_OutcomeOnsetReportSound,33,-5.127631721137778,7251.643685430005,2401.958272531409,7213.791238891218,353.32073190807404,4738.662527713406,0.09881885615487626,0.10195318731742502,0.19366548860473834,0.13280107762607815,0.17972596319036874
2,chan64-chan65,Involuntary_OutcomeOnsetReportSound,34,52.62950950860943,23881.85107538472,3488.5300151717756,23955.21590706127,509.311012465946,34818.99341094987,0.09881885615487626,0.10195318731742502,0.19366548860473834,0.13280107762607815,0.17972596319036874
2,chan64-chan65,Involuntary_OutcomeOnsetReportSound,35,-31.63891243326729,11226.276050366083,4206.117794702945,29954.378525337186,834.1444743062258,8680.202183405308,0.09881885615487626,0.10195318731742502,0.19366548860473834,0.13280107762607815,0.17972596319036874
2,chan64-chan65,Involuntary_OutcomeOnsetReportSound,36,20.009483932670417,3951.373470585937,1216.1754293530428,15573.38579548952,439.5854206763059,12516.203748002634,0.09881885615487626,0.10195318731742502,0.19366548860473834,0.13280107762607815,0.17972596319036874
2,chan64-chan65,Involuntary_OutcomeOnsetReportSound,37,74.1130916439925,9821.992708694605,2389.388384826072,32326.466175718568,691.1868658081387,9800.556898789544,0.09881885615487626,0.10195318731742502,0.19366548860473834,0.13280107762607815,0.17972596319036874
2,chan64-chan65,Involuntary_OutcomeOnsetReportSound,38,-3.213694376250154,369.331782548372,637.274108441487,6113.065229684433,170.0371595645441,3144.1584292331027,0.09881885615487626,0.10195318731742502,0.19366548860473834,0.13280107762607815,0.17972596319036874
2,chan64-chan65,Involuntary_OutcomeOnsetReportSound,39,-1.4826061117430205,12382.420387623008,2508.058634122316,3621.844168585696,118.91339004201507,4087.805901268193,0.09881885615487626,0.10195318731742502,0.19366548860473834,0.13280107762607815,0.17972596319036874
2,chan64-chan65,Involuntary_OutcomeOnsetReportSound,40,23.06064821979885,5466.042324944272,1095.4230768212813,3954.3305400886657,257.21839760022175,9049.035831852152,0.09881885615487626,0.10195318731742502,0.19366548860473834,0.13280107762607815,0.17972596319036874
2,chan64-chan65,Involuntary_OutcomeOnsetReportSound,41,-2.6108884663872423,4588.763020598654,2521.0954484674767,30098.400212564182,814.6243874646976,9400.740483701253,0.09881885615487626,0.10195318731742502,0.19366548860473834,0.13280107762607815,0.17972596319036874
2,chan64-chan65,Involuntary_OutcomeOnsetReportSound,42,2.173550627050699,1081.4479279510617,1307.482683039534,23673.376071315888,227.7075913031004,11361.991682520462,0.09881885615487626,0.10195318731742502,0.19366548860473834,0.13280107762607815,0.17972596319036874
2,chan64-chan65,Involuntary_OutcomeOnsetReportSound,43,-7.720329968166055,885.9547886856803,1102.1134323107883,28271.79388942855,361.6299890698468,14063.343713178381,0.09881885615487626,0.10195318731742502,0.19366548860473834,0.13280107762607815,0.17972596319036874
2,chan64-chan65,Involuntary_OutcomeOnsetReportSound,44,-23.198804137681595,10033.409031427727,1500.1088719367872,40276.338356133376,727.262668651287,31611.783794504812,0.09881885615487626,0.10195318731742502,0.19366548860473834,0.13280107762607815,0.17972596319036874
2,chan64-chan65,Involuntary_OutcomeOnsetReportSound,45,14.676444898920096,4070.2191997731256,3319.250289806156,3737.986295025214,361.5724792085389,3474.7003625155244,0.09881885615487626,0.10195318731742502,0.19366548860473834,0.13280107762607815,0.17972596319036874
2,chan64-chan65,Involuntary_OutcomeOnsetReportSound,46,3.167591687736696,14583.242661728376,5961.422368998907,66171.36646036564,445.04008628992057,17311.66646372528,0.09881885615487626,0.10195318731742502,0.19366548860473834,0.13280107762607815,0.17972596319036874
2,chan64-chan65,Involuntary_OutcomeOnsetReportSound,47,4.5229889899864295,6698.079118203304,3884.786459294384,206239.9462541783,1454.760592505585,45106.69267367911,0.09881885615487626,0.10195318731742502,0.19366548860473834,0.13280107762607815,0.17972596319036874
2,chan64-chan65,Involuntary_OutcomeOnsetReportSound,48,-55.98105535439381,2379.1086105069103,1839.1700650261969,6901.603711008569,473.93447710889194,7593.005977017453,0.09881885615487626,0.10195318731742502,0.19366548860473834,0.13280107762607815,0.17972596319036874
2,chan64-chan65,Involuntary_OutcomeOnsetReportSound,49,7.891425066697005,14254.803628898582,3704.7154821919694,224257.13182887458,878.0379060430397,55164.20990085197,0.09881885615487626,0.10195318731742502,0.19366548860473834,0.13280107762607815,0.17972596319036874
2,chan64-chan65,Involuntary_OutcomeOnsetReportSound,50,8.62131026998824,5445.13163176893,711.9372960620344,10458.28058418617,169.20598142987933,15351.764567683593,0.09881885615487626,0.10195318731742502,0.19366548860473834,0.13280107762607815,0.17972596319036874
2,chan64-chan65,Involuntary_OutcomeOnsetReportSound,51,-9.644584704727968,7015.198570646562,8451.901916162748,12425.190157362227,2810.7861071853476,16814.874382782345,0.09881885615487626,0.10195318731742502,0.19366548860473834,0.13280107762607815,0.17972596319036874
2,chan64-chan65,Involuntary_OutcomeOnsetReportSound,52,233.36980433665622,11702.590006842838,12239.977471420949,215332.4335584681,6545.510785187488,12936.722828520335,0.09881885615487626,0.10195318731742502,0.19366548860473834,0.13280107762607815,0.17972596319036874
2,chan64-chan65,Involuntary_OutcomeOnsetReportSound,53,-10.0482177529391,3185.327071791545,982.7225602680971,22828.518227382676,355.51191051239607,10968.078576698923,0.09881885615487626,0.10195318731742502,0.19366548860473834,0.13280107762607815,0.17972596319036874
2,chan64-chan65,Involuntary_OutcomeOnsetReportSound,54,9.048376534004296,22508.044593928596,3749.259415463074,1954.1419214946031,400.9837694089972,15529.128851846144,0.09881885615487626,0.10195318731742502,0.19366548860473834,0.13280107762607815,0.17972596319036874
2,chan64-chan65,Involuntary_OutcomeOnsetReportSound,55,9.55627599106498,8084.277896864496,816.1244801516469,18518.955809476705,181.25151583611637,23449.86084036516,0.09881885615487626,0.10195318731742502,0.19366548860473834,0.13280107762607815,0.17972596319036874
2,chan64-chan65,Involuntary_OutcomeOnsetReportSound,56,37.37183748908438,14487.355148298126,5828.289595232633,5512.5070357882505,216.09579198626648,8098.87141448935,0.09881885615487626,0.10195318731742502,0.19366548860473834,0.13280107762607815,0.17972596319036874
2,chan64-chan65,Involuntary_OutcomeOnsetReportSound,57,54.65630410166804,14075.259744608451,3450.4541848045924,105251.68771742229,549.6866594092828,39372.844789027804,0.09881885615487626,0.10195318731742502,0.19366548860473834,0.13280107762607815,0.17972596319036874
2,chan64-chan65,Involuntary_OutcomeOnsetReportSound,58,-25.23375880032495,2310.580375434208,1083.7327924043618,86273.01021562763,114.50399626927337,6344.391581550644,0.09881885615487626,0.10195318731742502,0.19366548860473834,0.13280107762607815,0.17972596319036874
2,chan64-chan65,Voluntary_OutcomeOnsetReportSound,1,-31.85974107619702,4104.559883591205,1546.6472987591035,9049.429198608863,281.08538383845735,5454.5887363168895,0.12386760522029905,0.12130908851383537,0.14397022790058778,0.11000480636537872,0.13231710472339386
2,chan64-chan65,Voluntary_OutcomeOnsetReportSound,2,15.253055830277505,916.0554335624992,1070.9584728500627,2515.1640415529723,170.63418104197214,8881.371030134747,0.12386760522029905,0.12130908851383537,0.14397022790058778,0.11000480636537872,0.13231710472339386
2,chan64-chan65,Voluntary_OutcomeOnsetReportSound,3,-16.803502235543256,3395.1118969941535,1298.871853589856,15561.407256632128,254.99613883650585,6077.613060657269,0.12386760522029905,0.12130908851383537,0.14397022790058778,0.11000480636537872,0.13231710472339386
2,chan64-chan65,Voluntary_OutcomeOnsetReportSound,4,-21.617381449881506,12078.961889823631,2667.362026452466,10919.042815956978,416.89234430461926,16459.626359904298,0.12386760522029905,0.12130908851383537,0.14397022790058778,0.11000480636537872,0.13231710472339386
2,chan64-chan65,Voluntary_OutcomeOnsetReportSound,5,0.1525590830477954,2695.492393814073,1114.8743600315322,25875.9652484578,896.7590435840681,17399.038305868857,0.12386760522029905,0.12130908851383537,0.14397022790058778,0.11000480636537872,0.13231710472339386
2,chan64-chan65,Voluntary_OutcomeOnsetReportSound,6,-23.070953311871182,21769.875015015183,25977.19886113351,120521.45020872977,1883.5452504925238,56024.99691880304,0.12386760522029905,0.12130908851383537,0.14397022790058778,0.11000480636537872,0.13231710472339386
2,chan64-chan65,Voluntary_OutcomeOnsetReportSound,7,-13.222166957713647,1128.5734932119262,604.9662893795763,39629.29739938806,200.78242479839375,4158.006949683382,0.12386760522029905,0.12130908851383537,0.14397022790058778,0.11000480636537872,0.13231710472339386
2,chan64-chan65,Voluntary_OutcomeOnsetReportSound,8,-35.360277669976824,3982.1612548410358,1718.4259267486048,102996.32468664544,283.09964431470763,17558.85230253978,0.12386760522029905,0.12130908851383537,0.14397022790058778,0.11000480636537872,0.13231710472339386
2,chan64-chan65,Voluntary_OutcomeOnsetReportSound,9,-40.64970688944414,3229.3041892114215,1344.1106396907562,84625.25499822716,254.09756964965644,12040.035299566338,0.12386760522029905,0.12130908851383537,0.14397022790058778,0.11000480636537872,0.13231710472339386
2,chan64-chan65,Voluntary_OutcomeOnsetReportSound,10,3.6394505920026896,4111.19772629032,880.1306683215649,43672.6876265872,140.25901373004774,25704.435624731836,0.12386760522029905,0.12130908851383537,0.14397022790058778,0.11000480636537872,0.13231710472339386
2,chan64-chan65,Voluntary_OutcomeOnsetReportSound,11,-18.953804717209277,13377.143655329892,1917.702397076408,17679.79042346666,326.3154289506255,15591.542825657774,0.12386760522029905,0.12130908851383537,0.14397022790058778,0.11000480636537872,0.13231710472339386
2,chan64-chan65,Voluntary_OutcomeOnsetReportSound,12,-66.75310801280969,9413.361412950884,2215.954997984205,35971.8249388222,148.6282179375458,10876.89870410283,0.12386760522029905,0.12130908851383537,0.14397022790058778,0.11000480636537872,0.13231710472339386
2,chan64-chan65,Voluntary_OutcomeOnsetReportSound,13,19.192922733427668,1360.474119970617,624.8506120219191,13019.913143843294,218.95730071766505,12564.865821157002,0.12386760522029905,0.12130908851383537,0.14397022790058778,0.11000480636537872,0.13231710472339386
2,chan64-chan65,Voluntary_OutcomeOnsetReportSound,14,4.016512284935622,3945.443198023018,1324.1655326209298,6855.100805159911,217.24634097853587,6541.663441302568,0.12386760522029905,0.12130908851383537,0.14397022790058778,0.11000480636537872,0.13231710472339386
2,chan64-chan65,Voluntary_OutcomeOnsetReportSound,15,-15.363220770115877,4671.244070249049,821.8177731316607,29480.869366669118,271.6611598649941,9330.804100072659,0.12386760522029905,0.12130908851383537,0.14397022790058778,0.11000480636537872,0.13231710472339386
2,chan64-chan65,Voluntary_OutcomeOnsetReportSound,16,17.832544395987405,6662.81006835851,1130.4985675024845,20211.893740916774,239.9790153895772,13391.62932266705,0.12386760522029905,0.12130908851383537,0.14397022790058778,0.11000480636537872,0.13231710472339386
2,chan64-chan65,Voluntary_OutcomeOnsetReportSound,17,6.460835919599723,2326.4559806293437,1004.9475799672558,15281.670349651708,213.32457883274142,6439.230347931285,0.12386760522029905,0.12130908851383537,0.14397022790058778,0.11000480636537872,0.13231710472339386
2,chan64-chan65,Voluntary_OutcomeOnsetReportSound,18,-11.837719811580726,9645.276938659488,1812.3082423494473,19146.44507188585,304.65942633140065,12917.867319849705,0.12386760522029905,0.12130908851383537,0.14397022790058778,0.11000480636537872,0.13231710472339386
2,chan64-chan65,Voluntary_OutcomeOnsetReportSound,19,-11.073013345141092,9620.851001388972,997.7282985615057,53724.201076129786,402.49884919663384,23634.652448347217,0.12386760522029905,0.12130908851383537,0.14397022790058778,0.11000480636537872,0.13231710472339386
2,chan64-chan65,Voluntary_OutcomeOnsetReportSound,20,2.2374449686439215,8571.255229765013,1273.437196140713,11954.62740221242,142.30403807039255,14948.098521456499,0.12386760522029905,0.12130908851383537,0.14397022790058778,0.11000480636537872,0.13231710472339386
2,chan64-chan65,Voluntary_OutcomeOnsetReportSound,21,30.546699979412058,2752.386486865187,824.7074020776695,24983.74743072579,195.75261383170678,13698.19937966723,0.12386760522029905,0.12130908851383537,0.14397022790058778,0.11000480636537872,0.13231710472339386
2,chan64-chan65,Voluntary_OutcomeOnsetReportSound,22,-33.875067855847796,2250.6543491196207,1147.4316064874838,10575.174504421315,202.92308062556944,13695.412692851354,0.12386760522029905,0.12130908851383537,0.14397022790058778,0.11000480636537872,0.13231710472339386
2,chan64-chan65,Voluntary_OutcomeOnsetReportSound,23,4.319141622688473,1809.8997792411178,363.72517070303877,11207.658166779822,91.78249380383637,7817.882619802584,0.12386760522029905,0.12130908851383537,0.14397022790058778,0.11000480636537872,0.13231710472339386
2,chan64-chan65,Voluntary_OutcomeOnsetReportSound,24,-10.451695146382038,2580.6216047689,1694.8673562378283,10665.444242757347,253.39875214504343,4073.202648379875,0.12386760522029905,0.12130908851383537,0.14397022790058778,0.11000480636537872,0.13231710472339386
2,chan64-chan65,Voluntary_OutcomeOnsetReportSound,25,-17.073763476712475,9429.774848525512,445.50922360821573,8887.812021078082,207.6260931370461,22705.73540953726,0.12386760522029905,0.12130908851383537,0.14397022790058778,0.11000480636537872,0.13231710472339386
2,chan64-chan65,Voluntary_OutcomeOnsetReportSound,26,-3.887986823619885,4928.119588095813,910.6606794825253,929.9384707633084,154.60288929684972,5698.901846493132,0.12386760522029905,0.12130908851383537,0.14397022790058778,0.11000480636537872,0.13231710472339386
2,chan64-chan65,Voluntary_OutcomeOnsetReportSound,27,2.0476002503761723,3645.0853579756426,480.02186022729666,46440.488198895255,245.6698447239068,29229.472685738376,0.12386760522029905,0.12130908851383537,0.14397022790058778,0.11000480636537872,0.13231710472339386
2,chan64-chan65,Voluntary_OutcomeOnsetReportSound,28,11.05274535255941,4938.947414760606,1347.8378722886694,49268.805688552224,216.80232589586208,10318.450578728713,0.12386760522029905,0.12130908851383537,0.14397022790058778,0.11000480636537872,0.13231710472339386
2,chan64-chan65,Voluntary_OutcomeOnsetReportSound,29,-0.6278940409939898,4460.223941872469,1133.9986778013767,33326.026429063946,222.16080149355142,27243.933858796983,0.12386760522029905,0.12130908851383537,0.14397022790058778,0.11000480636537872,0.13231710472339386
2,chan64-chan65,Voluntary_OutcomeOnsetReportSound,30,5.241410389190511,3287.3070691214934,1650.554941385935,9618.37144991465,130.6465876979378,8085.69209078218,0.12386760522029905,0.12130908851383537,0.14397022790058778,0.11000480636537872,0.13231710472339386
2,chan64-chan65,Voluntary_OutcomeOnsetReportSound,31,-3.7887852123350085,1499.4229733751465,404.2061236617697,30422.609947313977,143.9971552296067,6432.760861099417,0.12386760522029905,0.12130908851383537,0.14397022790058778,0.11000480636537872,0.13231710472339386
2,chan64-chan65,Voluntary_OutcomeOnsetReportSound,32,-13.619458957338988,2996.687123452298,1508.0642213000954,10179.106123175512,169.85847967424317,21034.355286972655,0.12386760522029905,0.12130908851383537,0.14397022790058778,0.11000480636537872,0.13231710472339386
2,chan64-chan65,Voluntary_OutcomeOnsetReportSound,33,-33.33993077722957,1065.1936327129922,1948.7337445278029,13720.579657206055,180.3833342764317,8494.174837032157,0.12386760522029905,0.12130908851383537,0.14397022790058778,0.11000480636537872,0.13231710472339386
2,chan64-chan65,Voluntary_OutcomeOnsetReportSound,34,-0.13937758546846957,7096.572608999598,1698.8039480437203,20528.84492270061,293.43459538569437,8946.85103183882,0.12386760522029905,0.12130908851383537,0.14397022790058778,0.11000480636537872,0.13231710472339386
2,chan64-chan65,Voluntary_OutcomeOnsetReportSound,35,-39.64841309199079,12317.624063330772,1188.3464293809425,8063.173799349466,130.36888229364317,37009.84902980305,0.12386760522029905,0.12130908851383537,0.14397022790058778,0.11000480636537872,0.13231710472339386
2,chan64-chan65,Voluntary_OutcomeOnsetReportSound,36,-27.35412641885278,3830.5020844128994,865.5511798349808,2669.09850141212,111.29921732220348,2174.160746533,0.12386760522029905,0.12130908851383537,0.14397022790058778,0.11000480636537872,0.13231710472339386
2,chan64-chan65,Voluntary_OutcomeOnsetReportSound,37,3.522635787262109,1420.7355242404135,419.861917458795,11418.678630824259,250.41364304114202,10314.048378481626,0.12386760522029905,0.12130908851383537,0.14397022790058778,0.11000480636537872,0.13231710472339386
2,chan64-chan65,Voluntary_OutcomeOnsetReportSound,38,-8.770726586502054,7773.025660476218,1138.8898504067351,15384.729386683379,230.48879440160673,11453.341852108037,0.12386760522029905,0.12130908851383537,0.14397022790058778,0.11000480636537872,0.13231710472339386
2,chan64-chan65,Voluntary_OutcomeOnsetReportSound,39,-2.6918435857181673,3952.1915970043183,1315.0854443983233,19833.61853316953,184.96445745010533,7069.26749305336,0.12386760522029905,0.12130908851383537,0.14397022790058778,0.11000480636537872,0.13231710472339386
2,chan64-chan65,Voluntary_OutcomeOnsetReportSound,40,-14.792668393891784,3663.5226553010702,609.5909290388938,13682.40351349613,252.82064340787895,11568.070900820774,0.12386760522029905,0.12130908851383537,0.14397022790058778,0.11000480636537872,0.13231710472339386
2,chan64-chan65,Voluntary_OutcomeOnsetReportSound,41,8.904610885909525,1938.9989563366807,717.6076759998625,5893.077961550451,145.85206631004985,9094.65280188396,0.12386760522029905,0.12130908851383537,0.14397022790058778,0.11000480636537872,0.13231710472339386
2,chan64-chan65,Voluntary_OutcomeOnsetReportSound,42,6.611343407475256,8963.689739757214,1362.2504313709749,5623.361495273695,221.58945667598752,15871.63000039602,0.12386760522029905,0.12130908851383537,0.14397022790058778,0.11000480636537872,0.13231710472339386
2,chan64-chan65,Voluntary_OutcomeOnsetReportSound,43,-18.110040348227052,865.3822288048947,445.40323664465046,11755.23964337128,176.76382987410614,1476.3298768064053,0.12386760522029905,0.12130908851383537,0.14397022790058778,0.11000480636537872,0.13231710472339386
2,chan64-chan65,Voluntary_OutcomeOnsetReportSound,44,-45.93578215866404,7029.690839407408,1967.8903605392818,45907.8957577992,136.55160097260338,11853.169792327666,0.12386760522029905,0.12130908851383537,0.14397022790058778,0.11000480636537872,0.13231710472339386
2,chan64-chan65,Voluntary_OutcomeOnsetReportSound,45,-17.664855314279716,6293.14227307283,1546.0329552545718,6196.327762371612,206.1532750923406,19227.530411785592,0.12386760522029905,0.12130908851383537,0.14397022790058778,0.11000480636537872,0.13231710472339386
2,chan64-chan65,Voluntary_OutcomeOnsetReportSound,46,-5.625004054005453,5750.925734319568,885.2498130173807,29203.99243113454,239.25301175966385,15856.821641536082,0.12386760522029905,0.12130908851383537,0.14397022790058778,0.11000480636537872,0.13231710472339386
2,chan64-chan65,Voluntary_OutcomeOnsetReportSound,47,-8.054800249191494,7697.721794828533,2223.1097907832964,47251.84521025874,184.54211877481572,37120.04658252922,0.12386760522029905,0.12130908851383537,0.14397022790058778,0.11000480636537872,0.13231710472339386
2,chan64-chan65,Voluntary_OutcomeOnsetReportSound,48,-20.278334999262338,1558.1990953104971,519.0763677166274,2497.536719286415,322.28863970405695,2768.928895554495,0.12386760522029905,0.12130908851383537,0.14397022790058778,0.11000480636537872,0.13231710472339386
2,chan64-chan65,Voluntary_OutcomeOnsetReportSound,49,-13.66431113773611,3583.276026692168,1525.7153540967356,7686.706213104632,279.3762645838407,6347.7362640432475,0.12386760522029905,0.12130908851383537,0.14397022790058778,0.11000480636537872,0.13231710472339386
2,chan64-chan65,Voluntary_OutcomeOnsetReportSound,50,-8.060821874743716,1077.9164259684148,853.5517006665377,24834.78213796472,166.5556869792401,3819.8700205734503,0.12386760522029905,0.12130908851383537,0.14397022790058778,0.11000480636537872,0.13231710472339386
2,chan64-chan65,Voluntary_OutcomeOnsetReportSound,51,-2.150638054630054,4950.71187850079,1038.4455699311463,17448.267940199083,173.60014423294325,8732.075185538708,0.12386760522029905,0.12130908851383537,0.14397022790058778,0.11000480636537872,0.13231710472339386
2,chan64-chan65,Voluntary_OutcomeOnsetReportSound,52,-29.689468900047643,4087.412164658548,747.7550261865521,11462.675968546766,146.23644033802682,6286.949583295852,0.12386760522029905,0.12130908851383537,0.14397022790058778,0.11000480636537872,0.13231710472339386
2,chan64-chan65,Voluntary_OutcomeOnsetReportSound,53,-19.75606754188663,8961.48525653182,1374.716384194288,39338.44475689978,217.30449493964022,21874.867644565136,0.12386760522029905,0.12130908851383537,0.14397022790058778,0.11000480636537872,0.13231710472339386
2,chan64-chan65,Voluntary_OutcomeOnsetReportSound,54,-24.628265696156106,13171.992700343599,3276.8888866407056,9165.503686274738,337.4024172046481,8402.700459510444,0.12386760522029905,0.12130908851383537,0.14397022790058778,0.11000480636537872,0.13231710472339386
2,chan64-chan65,Voluntary_OutcomeOnsetReportSound,55,-0.9435574764209815,487.25310281369156,316.22356342462973,8261.18730737577,148.45870074637588,628.7895692611384,0.12386760522029905,0.12130908851383537,0.14397022790058778,0.11000480636537872,0.13231710472339386
2,chan64-chan65,Voluntary_OutcomeOnsetReportSound,56,-33.72469326260662,5419.11467014213,1393.9102361661076,57185.6567489624,185.7159607894521,11645.715583103613,0.12386760522029905,0.12130908851383537,0.14397022790058778,0.11000480636537872,0.13231710472339386
2,chan64-chan65,Voluntary_OutcomeOnsetReportSound,57,-36.99455525677892,8778.197051165067,1198.7719023716968,12553.076486928077,176.62459137778276,13206.463858488773,0.12386760522029905,0.12130908851383537,0.14397022790058778,0.11000480636537872,0.13231710472339386
2,chan64-chan65,Voluntary_OutcomeOnsetReportSound,58,40.436455114452855,6188.347231458793,1479.305176266303,69339.89742114604,292.2667321472301,35865.37723094201,0.12386760522029905,0.12130908851383537,0.14397022790058778,0.11000480636537872,0.13231710472339386
2,chan64-chan65,Voluntary_OutcomeOnsetReportSound,59,-2.79346375938388,6425.491144376072,2182.574261532674,14567.599201346266,187.1652803558547,9991.870496493084,0.12386760522029905,0.12130908851383537,0.14397022790058778,0.11000480636537872,0.13231710472339386
2,chan64-chan65,Voluntary_OutcomeOnsetReportSound,60,-6.959973545068517,4271.068220543429,2256.0553672643114,7118.5221784128435,279.0879060097345,11129.597495716405,0.12386760522029905,0.12130908851383537,0.14397022790058778,0.11000480636537872,0.13231710472339386
3,chan78-chan79,Involuntary_OutcomeOnsetReportSound,1,75.657073803061,16351.424126657008,8054.197558309551,119037.90972508003,6115.343260532827,80023.83298297133,0.08338473832954074,0.06155263027800079,0.10380730096163754,0.10216923107800456,0.16495010304124064
3,chan78-chan79,Involuntary_OutcomeOnsetReportSound,2,36.01624226210579,61334.88470731856,23251.761089608655,206527.90826056627,6400.744475116993,67463.62645302029,0.08338473832954074,0.06155263027800079,0.10380730096163754,0.10216923107800456,0.16495010304124064
3,chan78-chan79,Involuntary_OutcomeOnsetReportSound,3,28.41840451388649,50850.0793462811,28164.760442387484,340117.2204488887,6902.066867032498,41315.4767089782,0.08338473832954074,0.06155263027800079,0.10380730096163754,0.10216923107800456,0.16495010304124064
3,chan78-chan79,Involuntary_OutcomeOnsetReportSound,4,6.939370454506782,109470.98624859974,16137.163210898305,34723.75420059331,3734.0961792041035,115009.89914076278,0.08338473832954074,0.06155263027800079,0.10380730096163754,0.10216923107800456,0.16495010304124064
3,chan78-chan79,Involuntary_OutcomeOnsetReportSound,5,8.185261535778006,73264.39785498686,14184.858621096839,97090.9154304344,1786.6819943664357,114066.10586047312,0.08338473832954074,0.06155263027800079,0.10380730096163754,0.10216923107800456,0.16495010304124064
3,chan78-chan79,Involuntary_OutcomeOnsetReportSound,6,-40.59342877451887,90106.41735151857,22043.72482718134,90850.50409231213,4797.833377119861,214333.02242345322,0.08338473832954074,0.06155263027800079,0.10380730096163754,0.10216923107800456,0.16495010304124064
3,chan78-chan79,Involuntary_OutcomeOnsetReportSound,7,32.957890810546886,54765.25782185622,27570.870816073537,387675.70605993335,4210.890646249393,39301.84344189091,0.08338473832954074,0.06155263027800079,0.10380730096163754,0.10216923107800456,0.16495010304124064
3,chan78-chan79,Involuntary_OutcomeOnsetReportSound,8,-19.70400958463773,37056.470905956594,18981.935268538302,521857.84189605596,3114.163999732354,355526.70557125495,0.08338473832954074,0.06155263027800079,0.10380730096163754,0.10216923107800456,0.16495010304124064
3,chan78-chan79,Involuntary_OutcomeOnsetReportSound,9,24.161496581722812,52124.50481495569,8865.666917092183,44214.57004502284,1851.564971239757,24128.294540491243,0.08338473832954074,0.06155263027800079,0.10380730096163754,0.10216923107800456,0.16495010304124064
3,chan78-chan79,Involuntary_OutcomeOnsetReportSound,10,-48.543642492733085,21924.895082052637,19986.66615511161,59978.50698091653,1876.0262249316393,29248.504782647567,0.08338473832954074,0.06155263027800079,0.10380730096163754,0.10216923107800456,0.16495010304124064
3,chan78-chan79,Involuntary_OutcomeOnsetReportSound,11,-4.556225356733847,16741.623524725866,7192.071514653795,63428.236085760975,4605.542084981083,56982.56806047197,0.08338473832954074,0.06155263027800079,0.10380730096163754,0.10216923107800456,0.16495010304124064
3,chan78-chan79,Involuntary_OutcomeOnsetReportSound,12,28.361858087392502,100263.09101748308,16349.816829332016,165310.31478093105,3303.130491959511,162773.23123589953,0.08338473832954074,0.06155263027800079,0.10380730096163754,0.10216923107800456,0.16495010304124064
3,chan78-chan79,Involuntary_OutcomeOnsetReportSound,13,10.855687881027693,47148.46533307304,11519.509729624633,282816.78156065516,4378.262386291116,98974.10875428023,0.08338473832954074,0.06155263027800079,0.10380730096163754,0.10216923107800456,0.16495010304124064
3,chan78-chan79,Involuntary_OutcomeOnsetReportSound,14,-39.078732039408656,18808.62786392311,30038.482335966153,82693.52285077554,5437.847679302422,37754.07934763494,0.08338473832954074,0.06155263027800079,0.10380730096163754,0.10216923107800456,0.16495010304124064
3,chan78-chan79,Involuntary_OutcomeOnsetReportSound,15,84.85238784366275,56531.75075286202,18494.02461389595,393674.2202475905,4064.679689886661,135753.01349625667,0.08338473832954074,0.06155263027800079,0.10380730096163754,0.10216923107800456,0.16495010304124064
3,chan78-chan79,Involuntary_OutcomeOnsetReportSound,16,18.766112070178494,53378.86168643092,15615.868468493787,356207.81935518334,3045.25766678594,126128.41172369402,0.08338473832954074,0.06155263027800079,0.10380730096163754,0.10216923107800456,0.16495010304124064
3,chan78-chan79,Involuntary_OutcomeOnsetReportSound,17,14.471284575241407,76653.96295537837,13528.520677750215,71610.26050341544,5303.319862316746,46730.557079881204,0.08338473832954074,0.06155263027800079,0.10380730096163754,0.10216923107800456,0.16495010304124064
3,chan78-chan79,Involuntary_OutcomeOnsetReportSound,18,60.059469271135946,23269.809408755547,11856.071363268955,245540.96307382634,3055.162504167248,149029.2928223172,0.08338473832954074,0.06155263027800079,0.10380730096163754,0.10216923107800456,0.16495010304124064
3,chan78-chan79,Involuntary_OutcomeOnsetReportSound,19,22.79231284290044,86804.72582148714,24094.395417203163,93301.84546889873,1319.7044493882586,80581.97085883193,0.08338473832954074,0.06155263027800079,0.10380730096163754,0.10216923107800456,0.16495010304124064
3,chan78-chan79,Involuntary_OutcomeOnsetReportSound,20,-69.96326695938606,80550.43860525472,18055.252923133725,505723.5665060659,1836.3320753282171,141964.2217666967,0.08338473832954074,0.06155263027800079,0.10380730096163754,0.10216923107800456,0.16495010304124064
3,chan78-chan79,Involuntary_OutcomeOnsetReportSound,21,-60.57611185705166,88342.25574400231,39829.95034095273,72174.24531792759,2936.2732036374764,134012.10822400867,0.08338473832954074,0.06155263027800079,0.10380730096163754,0.10216923107800456,0.16495010304124064
3,chan78-chan79,Involuntary_OutcomeOnsetReportSound,22,-86.47100986191899,29289.960356380347,7172.867752843072,160563.06732220924,1912.513656405958,153137.69309882712,0.08338473832954074,0.06155263027800079,0.10380730096163754,0.10216923107800456,0.16495010304124064
3,chan78-chan79,Involuntary_OutcomeOnsetReportSound,23,-37.727305610381485,18604.43780677125,9880.752067700338,268620.488670026,2631.7902382696147,138995.72457718474,0.08338473832954074,0.06155263027800079,0.10380730096163754,0.10216923107800456,0.16495010304124064
3,chan78-chan79,Involuntary_OutcomeOnsetReportSound,24,-36.426156457680676,69916.43179195042,20807.29750228791,74927.06580927924,3283.3303887069487,72512.14851039778,0.08338473832954074,0.06155263027800079,0.10380730096163754,0.10216923107800456,0.16495010304124064
3,chan78-chan79,Involuntary_OutcomeOnsetReportSound,25,67.4343565133084,40478.810828923866,8324.942988502738,165615.55586891394,2670.2671052506994,117588.93454686724,0.08338473832954074,0.06155263027800079,0.10380730096163754,0.10216923107800456,0.16495010304124064
3,chan78-chan79,Involuntary_OutcomeOnsetReportSound,26,-44.862342157099924,88689.12076452312,11183.288892817642,116915.21177923854,1906.3940717570952,104319.2871744771,0.08338473832954074,0.06155263027800079,0.10380730096163754,0.10216923107800456,0.16495010304124064
3,chan78-chan79,Involuntary_OutcomeOnsetReportSound,27,20.62894864358139,54382.64767680252,16005.17578136018,93183.44741489571,3740.1264243440028,61044.179970386824,0.08338473832954074,0.06155263027800079,0.10380730096163754,0.10216923107800456,0.16495010304124064
3,chan78-chan79,Involuntary_OutcomeOnsetReportSound,28,-68.1490768993371,111087.75443458189,27643.24307411115,825702.9516071687,2849.1075777197216,243220.8123127112,0.08338473832954074,0.06155263027800079,0.10380730096163754,0.10216923107800456,0.16495010304124064
3,chan78-chan79,Involuntary_OutcomeOnsetReportSound,29,50.272510761974424,26898.393348979087,18627.806483231238,288652.97368291544,2652.66809245013,59706.29511578825,0.08338473832954074,0.06155263027800079,0.10380730096163754,0.10216923107800456,0.16495010304124064
3,chan78-chan79,Involuntary_OutcomeOnsetReportSound,30,-18.82829095223078,56592.87705555397,4295.929279712826,81581.02619150198,1545.5353396181874,74582.38225687253,0.08338473832954074,0.06155263027800079,0.10380730096163754,0.10216923107800456,0.16495010304124064
3,chan78-chan79,Involuntary_OutcomeOnsetReportSound,31,35.19403405376358,56252.744126819554,23562.159310791492,269636.7110918946,2691.1917609568864,142837.10032233316,0.08338473832954074,0.06155263027800079,0.10380730096163754,0.10216923107800456,0.16495010304124064
3,chan78-chan79,Involuntary_OutcomeOnsetReportSound,32,42.14121346045943,55913.6769272217,15869.032811655472,534310.5602494417,1905.9917062740603,317683.1757334068,0.08338473832954074,0.06155263027800079,0.10380730096163754,0.10216923107800456,0.16495010304124064
3,chan78-chan79,Involuntary_OutcomeOnsetReportSound,33,-0.8638452298901552,58549.439980036674,26195.977983384026,129554.97549150293,3945.3938684736713,45417.54625270299,0.08338473832954074,0.06155263027800079,0.10380730096163754,0.10216923107800456,0.16495010304124064
3,chan78-chan79,Involuntary_OutcomeOnsetReportSound,34,3.6815579903326987,22001.875325028897,16923.636657231662,323608.9733607532,8201.601576774365,77209.60585599484,0.08338473832954074,0.06155263027800079,0.10380730096163754,0.10216923107800456,0.16495010304124064
3,chan78-chan79,Involuntary_OutcomeOnsetReportSound,35,12.303102423154478,118079.9867182935,5194.781895915049,69487.26924437849,1536.2232627331475,108429.94699095418,0.08338473832954074,0.06155263027800079,0.10380730096163754,0.10216923107800456,0.16495010304124064
3,chan78-chan79,Involuntary_OutcomeOnsetReportSound,36,-41.794790058012254,17267.350289134905,8522.754539750254,347704.0236728842,1717.6110995049453,162465.46040480986,0.08338473832954074,0.06155263027800079,0.10380730096163754,0.10216923107800456,0.16495010304124064
3,chan78-chan79,Involuntary_OutcomeOnsetReportSound,37,-35.16335944138197,52724.37574701112,11306.284971483508,201820.1253952453,2854.7813517464424,236232.81692817138,0.08338473832954074,0.06155263027800079,0.10380730096163754,0.10216923107800456,0.16495010304124064
3,chan78-chan79,Involuntary_OutcomeOnsetReportSound,38,-32.78083868498979,98791.66439908718,10955.652888731487,88117.85398656035,4162.260797829172,101019.74421304082,0.08338473832954074,0.06155263027800079,0.10380730096163754,0.10216923107800456,0.16495010304124064
3,chan78-chan79,Involuntary_OutcomeOnsetReportSound,39,-10.703628088963844,28662.677485967695,12208.478520955654,43393.44373144619,1895.3856169322453,11845.174604803997,0.08338473832954074,0.06155263027800079,0.10380730096163754,0.10216923107800456,0.16495010304124064
3,chan78-chan79,Involuntary_OutcomeOnsetReportSound,40,45.22386057396897,23064.372019842413,8797.690313482286,52558.19044143638,2127.4583682204047,104411.55774590046,0.08338473832954074,0.06155263027800079,0.10380730096163754,0.10216923107800456,0.16495010304124064
3,chan78-chan79,Involuntary_OutcomeOnsetReportSound,41,-93.07206446532905,40056.05276138956,22502.873321723837,267068.5093228638,2055.357568050529,116022.69492619246,0.08338473832954074,0.06155263027800079,0.10380730096163754,0.10216923107800456,0.16495010304124064
3,chan78-chan79,Involuntary_OutcomeOnsetReportSound,42,100.43426274154203,44282.27140187146,18903.75555804907,395850.2551490393,864.636984882066,220729.5950795593,0.08338473832954074,0.06155263027800079,0.10380730096163754,0.10216923107800456,0.16495010304124064
3,chan78-chan79,Involuntary_OutcomeOnsetReportSound,43,-44.70752102714873,49376.01305907014,7511.627317721983,112418.00867530852,1801.7675464700608,92314.42781026413,0.08338473832954074,0.06155263027800079,0.10380730096163754,0.10216923107800456,0.16495010304124064
3,chan78-chan79,Involuntary_OutcomeOnsetReportSound,44,-38.32237575066014,153711.5885503349,9618.888618526704,563690.5780270753,2349.7007602528747,207286.26948055936,0.08338473832954074,0.06155263027800079,0.10380730096163754,0.10216923107800456,0.16495010304124064
3,chan78-chan79,Involuntary_OutcomeOnsetReportSound,45,-17.22183492008711,17813.600232486813,18717.88011612203,177615.4339440286,3895.9728540847077,57042.895762124506,0.08338473832954074,0.06155263027800079,0.10380730096163754,0.10216923107800456,0.16495010304124064
3,chan78-chan79,Involuntary_OutcomeOnsetReportSound,46,-54.49960969392185,109180.10580471842,24781.951658457023,137449.9813402488,2316.0758673656196,74795.6484680996,0.08338473832954074,0.06155263027800079,0.10380730096163754,0.10216923107800456,0.16495010304124064
3,chan78-chan79,Involuntary_OutcomeOnsetReportSound,47,-16.35451589895424,67833.40965538344,12175.23668104601,150466.72560272843,1718.8784641724703,93604.12605217038,0.08338473832954074,0.06155263027800079,0.10380730096163754,0.10216923107800456,0.16495010304124064
3,chan78-chan79,Involuntary_OutcomeOnsetReportSound,48,-22.837970917052996,25537.30945425169,18734.630554108255,390052.3628254614,4761.612496661336,209077.18099316754,0.08338473832954074,0.06155263027800079,0.10380730096163754,0.10216923107800456,0.16495010304124064
3,chan78-chan79,Involuntary_OutcomeOnsetReportSound,49,23.87249459969367,22107.7979644879,21337.14246523249,472144.5259949351,3807.3123797014223,65311.14692842887,0.08338473832954074,0.06155263027800079,0.10380730096163754,0.10216923107800456,0.16495010304124064
3,chan78-chan79,Involuntary_OutcomeOnsetReportSound,50,3.0149982434822733,30656.35313440838,22380.692912262086,226132.9834018389,4199.87108847831,83727.5123323809,0.08338473832954074,0.06155263027800079,0.10380730096163754,0.10216923107800456,0.16495010304124064
3,chan78-chan79,Involuntary_OutcomeOnsetReportSound,51,42.51210835776223,49462.82737734742,9404.105934541485,140444.12812565305,1751.7361119577106,119114.85002668719,0.08338473832954074,0.06155263027800079,0.10380730096163754,0.10216923107800456,0.16495010304124064
3,chan78-chan79,Involuntary_OutcomeOnsetReportSound,52,147.23251961297586,110152.79233155533,24116.656409055817,61415.61179409393,4533.830102789085,24950.590106642307,0.08338473832954074,0.06155263027800079,0.10380730096163754,0.10216923107800456,0.16495010304124064
3,chan78-chan79,Involuntary_OutcomeOnsetReportSound,53,-18.876133233577487,40328.07093541382,17755.379825382,196140.99012782503,2572.391423384979,193153.93292255502,0.08338473832954074,0.06155263027800079,0.10380730096163754,0.10216923107800456,0.16495010304124064
3,chan78-chan79,Involuntary_OutcomeOnsetReportSound,54,42.03190684922748,23713.61609474235,13464.964362428009,151733.13595233008,3314.898542584653,69782.95742463213,0.08338473832954074,0.06155263027800079,0.10380730096163754,0.10216923107800456,0.16495010304124064
3,chan78-chan79,Involuntary_OutcomeOnsetReportSound,55,-1.5342406249832614,15937.774159073138,11187.624437770179,117882.67493435374,1758.715225240668,53188.40830382539,0.08338473832954074,0.06155263027800079,0.10380730096163754,0.10216923107800456,0.16495010304124064
3,chan78-chan79,Involuntary_OutcomeOnsetReportSound,56,32.50927420434957,128459.63034273064,19558.765958359647,212882.337346573,1077.706510415335,140435.7796445115,0.08338473832954074,0.06155263027800079,0.10380730096163754,0.10216923107800456,0.16495010304124064
3,chan78-chan79,Involuntary_OutcomeOnsetReportSound,57,4.03283075810364,34705.685916850634,28060.283516532898,172164.24874420773,8677.651450644556,65393.343150518165,0.08338473832954074,0.06155263027800079,0.10380730096163754,0.10216923107800456,0.16495010304124064
3,chan78-chan79,Involuntary_OutcomeOnsetReportSound,58,-19.815370909239544,15118.78191310374,9817.979827134222,71817.59491252528,1385.7134252916826,29398.891944141807,0.08338473832954074,0.06155263027800079,0.10380730096163754,0.10216923107800456,0.16495010304124064
3,chan78-chan79,Involuntary_OutcomeOnsetReportSound,59,83.43664099283508,18394.268061892384,21766.879998829612,191940.980808004,3757.2393980371353,36652.49448206339,0.08338473832954074,0.06155263027800079,0.10380730096163754,0.10216923107800456,0.16495010304124064
3,chan78-chan79,Involuntary_OutcomeOnsetReportSound,60,81.58097987488607,36626.94231633681,10992.625155047599,1006969.1204457385,3771.949146684724,333427.7843131508,0.08338473832954074,0.06155263027800079,0.10380730096163754,0.10216923107800456,0.16495010304124064
3,chan78-chan79,Voluntary_OutcomeOnsetReportSound,1,-12.99354895830739,77763.51358604303,11535.233875668024,261106.28457591502,1245.7910424326312,40481.58795745937,0.11665767322958201,0.09345828239415316,0.10448326901556823,0.11517369168860996,0.18059228163562213
3,chan78-chan79,Voluntary_OutcomeOnsetReportSound,2,-29.286106653474505,38800.893930327606,10307.515107227291,184540.14906231232,1248.2649692892028,59672.83196376697,0.11665767322958201,0.09345828239415316,0.10448326901556823,0.11517369168860996,0.18059228163562213
3,chan78-chan79,Voluntary_OutcomeOnsetReportSound,3,-84.75824381062645,27835.084175427266,7459.523637202563,134983.83242243587,996.1077968836602,21087.236034980284,0.11665767322958201,0.09345828239415316,0.10448326901556823,0.11517369168860996,0.18059228163562213
3,chan78-chan79,Voluntary_OutcomeOnsetReportSound,4,12.908411831182654,16671.532911799022,8320.222180218894,334392.4821648961,779.6110908465,117092.0617878058,0.11665767322958201,0.09345828239415316,0.10448326901556823,0.11517369168860996,0.18059228163562213
3,chan78-chan79,Voluntary_OutcomeOnsetReportSound,5,14.275099546087935,44243.25407258456,11043.224944076686,303048.9196280795,1716.5076469472394,109165.91945067524,0.11665767322958201,0.09345828239415316,0.10448326901556823,0.11517369168860996,0.18059228163562213
3,chan78-chan79,Voluntary_OutcomeOnsetReportSound,6,74.63596767261265,37006.590161945525,8932.597995335222,140995.31145468345,1314.2319551266305,63777.77499472785,0.11665767322958201,0.09345828239415316,0.10448326901556823,0.11517369168860996,0.18059228163562213
3,chan78-chan79,Voluntary_OutcomeOnsetReportSound,7,55.704676825145384,36805.35033623435,6318.458309931166,260235.36567085734,1552.480860523771,220656.6513417003,0.11665767322958201,0.09345828239415316,0.10448326901556823,0.11517369168860996,0.18059228163562213
3,chan78-chan79,Voluntary_OutcomeOnsetReportSound,8,48.36777664142762,10753.339660407284,6432.524621156136,128099.82904573022,1288.4292423500501,29192.99379375776,0.11665767322958201,0.09345828239415316,0.10448326901556823,0.11517369168860996,0.18059228163562213
3,chan78-chan79,Voluntary_OutcomeOnsetReportSound,9,-43.880710443565334,38673.33192541296,8582.405562781816,172779.23315025712,1960.944143106394,64195.15857097298,0.11665767322958201,0.09345828239415316,0.10448326901556823,0.11517369168860996,0.18059228163562213
3,chan78-chan79,Voluntary_OutcomeOnsetReportSound,10,22.09056820764898,23782.42822440291,16058.810833451795,217456.9222797036,781.1504350666631,93467.28070297552,0.11665767322958201,0.09345828239415316,0.10448326901556823,0.11517369168860996,0.18059228163562213
3,chan78-chan79,Voluntary_OutcomeOnsetReportSound,11,-50.800240833590316,69006.90044907496,17808.42257860111,316200.95280449395,1467.0014617555667,155645.30193513163,0.11665767322958201,0.09345828239415316,0.10448326901556823,0.11517369168860996,0.18059228163562213
3,chan78-chan79,Voluntary_OutcomeOnsetReportSound,12,1.2001853714609205,22661.7328564813,9577.730084881918,269418.4389408383,2934.5561853894997,113940.18429075007,0.11665767322958201,0.09345828239415316,0.10448326901556823,0.11517369168860996,0.18059228163562213
3,chan78-chan79,Voluntary_OutcomeOnsetReportSound,13,121.70670995939093,104977.13492398427,5955.041582504647,136534.31002957997,1464.020882854367,207991.04274173354,0.11665767322958201,0.09345828239415316,0.10448326901556823,0.11517369168860996,0.18059228163562213
3,chan78-chan79,Voluntary_OutcomeOnsetReportSound,14,-17.520037089122305,16915.5270834815,4725.170902565475,264051.1605199591,1215.6092113734494,22496.56085228153,0.11665767322958201,0.09345828239415316,0.10448326901556823,0.11517369168860996,0.18059228163562213
3,chan78-chan79,Voluntary_OutcomeOnsetReportSound,15,33.29622341358856,29785.44316236414,8362.771232683133,464635.15697838005,783.4747842449315,109965.68360946712,0.11665767322958201,0.09345828239415316,0.10448326901556823,0.11517369168860996,0.18059228163562213
3,chan78-chan79,Voluntary_OutcomeOnsetReportSound,16,-63.67275997125233,39310.25060776201,8334.8962771917,201872.5388513562,1015.9662170389239,56582.51279887101,0.11665767322958201,0.09345828239415316,0.10448326901556823,0.11517369168860996,0.18059228163562213
3,chan78-chan79,Voluntary_OutcomeOnsetReportSound,17,80.10713660728108,14778.94451096488,6296.097653478088,152197.60423532553,1376.6435697286904,75583.29676805231,0.11665767322958201,0.09345828239415316,0.10448326901556823,0.11517369168860996,0.18059228163562213
3,chan78-chan79,Voluntary_OutcomeOnsetReportSound,18,-8.786263523706928,36946.82028886644,9090.936623917141,403471.90887116664,1394.3105590123423,192644.6897063991,0.11665767322958201,0.09345828239415316,0.10448326901556823,0.11517369168860996,0.18059228163562213
3,chan78-chan79,Voluntary_OutcomeOnsetReportSound,19,-17.344773949920814,15729.406343864302,7766.6616103710585,127429.86381449894,1890.637197375258,51262.41464995737,0.11665767322958201,0.09345828239415316,0.10448326901556823,0.11517369168860996,0.18059228163562213
3,chan78-chan79,Voluntary_OutcomeOnsetReportSound,20,28.858690418451094,13938.880668039723,4406.1652710379885,37214.470760443095,1305.1806890186642,26297.022321442193,0.11665767322958201,0.09345828239415316,0.10448326901556823,0.11517369168860996,0.18059228163562213
3,chan78-chan79,Voluntary_OutcomeOnsetReportSound,21,3.0278928051170273,10047.442024731208,10469.759210397398,298759.3068080139,998.1933481539571,59648.384515772865,0.11665767322958201,0.09345828239415316,0.10448326901556823,0.11517369168860996,0.18059228163562213
3,chan78-chan79,Voluntary_OutcomeOnsetReportSound,22,-5.579840042290054,23098.313501202236,13713.884589627733,65153.42972704609,643.4109957939701,52615.538300149135,0.11665767322958201,0.09345828239415316,0.10448326901556823,0.11517369168860996,0.18059228163562213
3,chan78-chan79,Voluntary_OutcomeOnsetReportSound,23,-36.94516569338916,40714.0694993977,5135.706723399373,19656.01601647724,1610.581945139644,31449.344176506376,0.11665767322958201,0.09345828239415316,0.10448326901556823,0.11517369168860996,0.18059228163562213
3,chan78-chan79,Voluntary_OutcomeOnsetReportSound,24,-112.83135035352308,12260.666313192862,8209.682173644063,598054.7150168266,1170.387159733827,71660.93942094642,0.11665767322958201,0.09345828239415316,0.10448326901556823,0.11517369168860996,0.18059228163562213
3,chan78-chan79,Voluntary_OutcomeOnsetReportSound,25,19.734249916965467,44627.3769240683,14713.023433273016,372045.85126214754,1754.141188399491,163110.57009189625,0.11665767322958201,0.09345828239415316,0.10448326901556823,0.11517369168860996,0.18059228163562213
3,chan78-chan79,Voluntary_OutcomeOnsetReportSound,26,9.813761091499316,12765.154342274272,11421.63325899291,50042.119564412875,2047.9077535688384,54564.95026100205,0.11665767322958201,0.09345828239415316,0.10448326901556823,0.11517369168860996,0.18059228163562213
3,chan78-chan79,Voluntary_OutcomeOnsetReportSound,27,-143.95229996414636,10691.003917223316,11560.666304976188,798380.8637795721,954.8082930450561,138969.01614673255,0.11665767322958201,0.09345828239415316,0.10448326901556823,0.11517369168860996,0.18059228163562213
3,chan78-chan79,Voluntary_OutcomeOnsetReportSound,28,32.43466231321408,24230.58361494246,8046.39200198187,67427.00595041727,1169.3982579302121,108649.0423058926,0.11665767322958201,0.09345828239415316,0.10448326901556823,0.11517369168860996,0.18059228163562213
3,chan78-chan79,Voluntary_OutcomeOnsetReportSound,29,-20.926767375561123,44331.6177952563,6526.936339686494,170146.6472215967,1062.7226275902685,49282.24840971618,0.11665767322958201,0.09345828239415316,0.10448326901556823,0.11517369168860996,0.18059228163562213
3,chan78-chan79,Voluntary_OutcomeOnsetReportSound,30,87.39282419988477,71266.37571057682,29610.828694445972,252011.94495378569,1313.9179504534702,118380.30784263476,0.11665767322958201,0.09345828239415316,0.10448326901556823,0.11517369168860996,0.18059228163562213
3,chan78-chan79,Voluntary_OutcomeOnsetReportSound,31,-72.72932149484726,50352.53296156396,19098.04732193354,157385.33252418402,1304.5605193838253,61000.6795828259,0.11665767322958201,0.09345828239415316,0.10448326901556823,0.11517369168860996,0.18059228163562213
3,chan78-chan79,Voluntary_OutcomeOnsetReportSound,32,23.686577283513284,19070.63820970905,6727.446803780725,363228.8266641213,871.4396484658495,69884.89082341525,0.11665767322958201,0.09345828239415316,0.10448326901556823,0.11517369168860996,0.18059228163562213
3,chan78-chan79,Voluntary_OutcomeOnsetReportSound,33,-7.581702897649543,119171.99468888144,17784.5952835053,53899.359951432416,1757.3315038617675,80854.1050956001,0.11665767322958201,0.09345828239415316,0.10448326901556823,0.11517369168860996,0.18059228163562213
3,chan78-chan79,Voluntary_OutcomeOnsetReportSound,34,67.06586515132534,61943.40659360883,33848.552585641635,55735.23731968373,917.624309845904,43138.37733745328,0.11665767322958201,0.09345828239415316,0.10448326901556823,0.11517369168860996,0.18059228163562213
3,chan78-chan79,Voluntary_OutcomeOnsetReportSound,35,-70.49149096723781,30091.771142560025,9009.81302750939,558418.8568022274,1275.3047122401833,132729.85965150324,0.11665767322958201,0.09345828239415316,0.10448326901556823,0.11517369168860996,0.18059228163562213
3,chan78-chan79,Voluntary_OutcomeOnsetReportSound,36,-4.140567925587179,43703.09072468434,9624.026882038303,136211.93979615904,1133.2968176403033,56389.640913080526,0.11665767322958201,0.09345828239415316,0.10448326901556823,0.11517369168860996,0.18059228163562213
3,chan78-chan79,Voluntary_OutcomeOnsetReportSound,37,-3.276573916276342,36252.178974437695,7133.749243930468,626807.1989990267,1024.9488208017362,252328.21668433494,0.11665767322958201,0.09345828239415316,0.10448326901556823,0.11517369168860996,0.18059228163562213
3,chan78-chan79,Voluntary_OutcomeOnsetReportSound,38,-31.057934508691446,32136.52462907109,14543.336756041217,93064.94552411158,938.7098533390935,37763.247802138816,0.11665767322958201,0.09345828239415316,0.10448326901556823,0.11517369168860996,0.18059228163562213
3,chan78-chan79,Voluntary_OutcomeOnsetReportSound,39,15.500903249787678,14136.710424038058,12484.456065886063,95572.31616928121,1076.0209465171663,13136.276399901046,0.11665767322958201,0.09345828239415316,0.10448326901556823,0.11517369168860996,0.18059228163562213
3,chan78-chan79,Voluntary_OutcomeOnsetReportSound,40,56.92486013724128,25014.188160536487,10254.083211028197,232613.43415544878,1357.8345325308014,46337.301885654095,0.11665767322958201,0.09345828239415316,0.10448326901556823,0.11517369168860996,0.18059228163562213
3,chan78-chan79,Voluntary_OutcomeOnsetReportSound,41,-49.79451182069498,9260.70562381872,7779.332974066326,383159.8232449688,855.2143291611716,47349.916627558654,0.11665767322958201,0.09345828239415316,0.10448326901556823,0.11517369168860996,0.18059228163562213
3,chan78-chan79,Voluntary_OutcomeOnsetReportSound,42,-41.2457996862779,35823.46687898946,8344.733037480051,184167.69560455016,1185.8425558926272,19309.963776944183,0.11665767322958201,0.09345828239415316,0.10448326901556823,0.11517369168860996,0.18059228163562213
3,chan78-chan79,Voluntary_OutcomeOnsetReportSound,43,-0.5338884798151446,10591.177639291058,10302.803956886622,382304.00653267547,2103.6504128704937,33658.99236463513,0.11665767322958201,0.09345828239415316,0.10448326901556823,0.11517369168860996,0.18059228163562213
3,chan78-chan79,Voluntary_OutcomeOnsetReportSound,44,13.444451692388945,21371.665629604748,11372.269782878337,139668.93082646487,709.7530551321929,99288.53583787427,0.11665767322958201,0.09345828239415316,0.10448326901556823,0.11517369168860996,0.18059228163562213
3,chan78-chan79,Voluntary_OutcomeOnsetReportSound,45,-52.81962090726967,33995.83800912806,23225.51405274744,120667.22060721667,731.3563214688215,77863.40623470557,0.11665767322958201,0.09345828239415316,0.10448326901556823,0.11517369168860996,0.18059228163562213
3,chan78-chan79,Voluntary_OutcomeOnsetReportSound,46,-3.7597624526465383,54721.83630634079,4913.249137633569,752925.8774252345,597.9142613599221,455936.15723117057,0.11665767322958201,0.09345828239415316,0.10448326901556823,0.11517369168860996,0.18059228163562213
3,chan78-chan79,Voluntary_OutcomeOnsetReportSound,47,-45.512901867021874,43343.906531464745,7394.913176668195,238642.88852480325,975.7596842846128,297954.8711541013,0.11665767322958201,0.09345828239415316,0.10448326901556823,0.11517369168860996,0.18059228163562213
3,chan78-chan79,Voluntary_OutcomeOnsetReportSound,48,15.338364773684777,95232.8696793427,9018.145843348055,186721.61316241292,1088.8946222788347,142131.14212275212,0.11665767322958201,0.09345828239415316,0.10448326901556823,0.11517369168860996,0.18059228163562213
3,chan78-chan79,Voluntary_OutcomeOnsetReportSound,49,48.602729771786606,13309.427128259757,23845.959980401058,352013.31635207834,1352.9485348243309,68835.36236335512,0.11665767322958201,0.09345828239415316,0.10448326901556823,0.11517369168860996,0.18059228163562213
3,chan78-chan79,Voluntary_OutcomeOnsetReportSound,50,36.52243207220867,49692.741251625426,8828.744565318897,57482.39981295849,1385.2516467685036,62765.889848155544,0.11665767322958201,0.09345828239415316,0.10448326901556823,0.11517369168860996,0.18059228163562213
3,chan78-chan79,Voluntary_OutcomeOnsetReportSound,51,52.586179800220414,16658.366833925244,4286.15747607932,247168.9192595948,567.6016514779617,34906.183189744464,0.11665767322958201,0.09345828239415316,0.10448326901556823,0.11517369168860996,0.18059228163562213
3,chan78-chan79,Voluntary_OutcomeOnsetReportSound,52,63.50331543823386,41701.08779587776,7916.689937452891,590070.8916512902,1535.6256594261176,105512.40843042429,0.11665767322958201,0.09345828239415316,0.10448326901556823,0.11517369168860996,0.18059228163562213
3,chan78-chan79,Voluntary_OutcomeOnsetReportSound,53,-13.026144237808923,53024.70078801721,7625.114075723605,272523.6323695223,1415.9812856344677,122974.14772879661,0.11665767322958201,0.09345828239415316,0.10448326901556823,0.11517369168860996,0.18059228163562213
3,chan78-chan79,Voluntary_OutcomeOnsetReportSound,54,-13.330329334928532,47975.55030780471,6945.324136150717,209088.6477706756,1014.6119246901238,194997.0572086125,0.11665767322958201,0.09345828239415316,0.10448326901556823,0.11517369168860996,0.18059228163562213
3,chan78-chan79,Voluntary_OutcomeOnsetReportSound,55,-37.16095475952553,6421.668343246695,4520.741205883404,277484.12667819625,2125.3040904438594,68434.80856230491,0.11665767322958201,0.09345828239415316,0.10448326901556823,0.11517369168860996,0.18059228163562213
3,chan78-chan79,Voluntary_OutcomeOnsetReportSound,56,-5.2603440569593385,40061.41780104921,13359.368121216765,47048.23045089286,1670.6438601177927,29055.50809799013,0.11665767322958201,0.09345828239415316,0.10448326901556823,0.11517369168860996,0.18059228163562213
3,chan78-chan79,Voluntary_OutcomeOnsetReportSound,57,-106.8508081619269,63166.10846137494,4252.002315156969,438098.44097794016,1015.6837889186754,180877.24770693894,0.11665767322958201,0.09345828239415316,0.10448326901556823,0.11517369168860996,0.18059228163562213
3,chan78-chan79,Voluntary_OutcomeOnsetReportSound,58,-101.51847840226554,65334.70578550194,21211.19365827776,43876.91784264102,1638.8041095422589,52706.78590905548,0.11665767322958201,0.09345828239415316,0.10448326901556823,0.11517369168860996,0.18059228163562213
3,chan78-chan79,Voluntary_OutcomeOnsetReportSound,59,12.891906787275245,44477.707748014385,6938.63748161804,561145.1927598334,889.1884613963903,223547.14610853503,0.11665767322958201,0.09345828239415316,0.10448326901556823,0.11517369168860996,0.18059228163562213
4,chan61-chan62,Involuntary_OutcomeOnsetReportSound,1,-51.18542873273743,9891.06052425727,16927.298622916158,61905.798833196546,7520.913964746486,31581.202885237377,0.05067278066105989,0.10237488535222296,0.15757084638002103,0.1484265409439894,0.16634237266881607
4,chan61-chan62,Involuntary_OutcomeOnsetReportSound,2,-12.677046805912068,9313.726268617394,20789.20298707347,23985.790607945255,4908.341400045283,46189.855338592526,0.05067278066105989,0.10237488535222296,0.15757084638002103,0.1484265409439894,0.16634237266881607
4,chan61-chan62,Involuntary_OutcomeOnsetReportSound,3,-31.52510335149956,14044.260930562012,67510.62617432722,184688.25157774452,22793.1942188605,40622.17294351875,0.05067278066105989,0.10237488535222296,0.15757084638002103,0.1484265409439894,0.16634237266881607
4,chan61-chan62,Involuntary_OutcomeOnsetReportSound,4,13.86929792669876,24932.11213078967,23536.11488329085,74139.91220458313,6882.2305114839855,53014.98483055864,0.05067278066105989,0.10237488535222296,0.15757084638002103,0.1484265409439894,0.16634237266881607
4,chan61-chan62,Involuntary_OutcomeOnsetReportSound,5,58.44485697328128,19666.11999888584,36033.25746747771,59989.77221292213,17400.809948958642,29447.254098091555,0.05067278066105989,0.10237488535222296,0.15757084638002103,0.1484265409439894,0.16634237266881607
4,chan61-chan62,Involuntary_OutcomeOnsetReportSound,6,42.88316680755078,35770.11452690145,4316.948940072549,91468.46416857278,1137.8428983774093,81625.89141453458,0.05067278066105989,0.10237488535222296,0.15757084638002103,0.1484265409439894,0.16634237266881607
4,chan61-chan62,Involuntary_OutcomeOnsetReportSound,7,16.38040918452815,4956.271960055447,8702.010824715437,23670.85860857868,2887.2684821351536,5832.903642147511,0.05067278066105989,0.10237488535222296,0.15757084638002103,0.1484265409439894,0.16634237266881607
4,chan61-chan62,Involuntary_OutcomeOnsetReportSound,8,3.8124542574569817,25242.67311589386,3477.022849174026,16050.720033866057,1477.7542302730212,30058.66777201077,0.05067278066105989,0.10237488535222296,0.15757084638002103,0.1484265409439894,0.16634237266881607
4,chan61-chan62,Involuntary_OutcomeOnsetReportSound,9,-49.07306193931041,22166.56759059757,8149.306205604365,120387.5348778228,2203.5127911720047,16372.531753645422,0.05067278066105989,0.10237488535222296,0.15757084638002103,0.1484265409439894,0.16634237266881607
4,chan61-chan62,Involuntary_OutcomeOnsetReportSound,10,55.23442818520957,25172.09104300723,15576.721596292407,12515.762969669726,2212.4781210755596,5480.826061151586,0.05067278066105989,0.10237488535222296,0.15757084638002103,0.1484265409439894,0.16634237266881607
4,chan61-chan62,Involuntary_OutcomeOnsetReportSound,11,23.793452313568398,6042.466051466702,6238.699068271273,183515.28163219633,1002.9705000442848,80327.39751029847,0.05067278066105989,0.10237488535222296,0.15757084638002103,0.1484265409439894,0.16634237266881607
4,chan61-chan62,Involuntary_OutcomeOnsetReportSound,12,-13.919486677023913,12608.759939501773,34818.69696492639,59910.58759390668,11495.063710637512,22605.59893776358,0.05067278066105989,0.10237488535222296,0.15757084638002103,0.1484265409439894,0.16634237266881607
4,chan61-chan62,Involuntary_OutcomeOnsetReportSound,13,-20.86546914421223,9879.151906091605,11030.253737020366,73154.00659535627,3170.4307567703468,41442.71103633049,0.05067278066105989,0.10237488535222296,0.15757084638002103,0.1484265409439894,0.16634237266881607
4,chan61-chan62,Involuntary_OutcomeOnsetReportSound,14,10.344493867190023,25133.83746085852,11823.031092308753,62380.53613397705,4730.313994117665,23691.625154588903,0.05067278066105989,0.10237488535222296,0.15757084638002103,0.1484265409439894,0.16634237266881607
4,chan61-chan62,Involuntary_OutcomeOnsetReportSound,15,-38.955095970141286,16466.762893990966,25069.354538385567,97487.22258848119,8223.251663308924,69009.90545069771,0.05067278066105989,0.10237488535222296,0.15757084638002103,0.1484265409439894,0.16634237266881607
4,chan61-chan62,Involuntary_OutcomeOnsetReportSound,16,-12.300305172281819,15938.698882000564,24145.636399934356,13125.773518669223,3881.7285906681686,21650.55075037591,0.05067278066105989,0.10237488535222296,0.15757084638002103,0.1484265409439894,0.16634237266881607
4,chan61-chan62,Involuntary_OutcomeOnsetReportSound,17,-3.237772351019657,9368.383019136489,12324.594884375198,40404.60307629854,6221.234484871752,53150.81278909703,0.05067278066105989,0.10237488535222296,0.15757084638002103,0.1484265409439894,0.16634237266881607
4,chan61-chan62,Involuntary_OutcomeOnsetReportSound,18,-14.847635019329687,39078.86652659917,8336.540831555441,219941.49378225618,3565.9885671779853,62461.52372804881,0.05067278066105989,0.10237488535222296,0.15757084638002103,0.1484265409439894,0.16634237266881607
4,chan61-chan62,Involuntary_OutcomeOnsetReportSound,19,-8.023168970103272,16105.232685475374,8279.242663810614,4338.681337846618,3824.8206589956458,23373.91729910621,0.05067278066105989,0.10237488535222296,0.15757084638002103,0.1484265409439894,0.16634237266881607
4,chan61-chan62,Involuntary_OutcomeOnsetReportSound,20,-3.873941276797133,33059.567229816465,8087.556274654359,29964.353230464647,1575.3894976357935,74579.5726221476,0.05067278066105989,0.10237488535222296,0.15757084638002103,0.1484265409439894,0.16634237266881607
4,chan61-chan62,Involuntary_OutcomeOnsetReportSound,21,48.02225334092558,9296.120121956252,7481.79266776563,157717.46241104414,692.494997402692,27391.71421549531,0.05067278066105989,0.10237488535222296,0.15757084638002103,0.1484265409439894,0.16634237266881607
4,chan61-chan62,Involuntary_OutcomeOnsetReportSound,22,-28.12740411318388,18014.67639765592,12862.675372931726,92207.76575011287,4079.9094101135197,73941.21286868866,0.05067278066105989,0.10237488535222296,0.15757084638002103,0.1484265409439894,0.16634237266881607
4,chan61-chan62,Involuntary_OutcomeOnsetReportSound,23,42.21187765495994,45095.98677098775,18554.922768370434,49493.30211075391,2534.137408961282,33046.47056584488,0.05067278066105989,0.10237488535222296,0.15757084638002103,0.1484265409439894,0.16634237266881607
4,chan61-chan62,Involuntary_OutcomeOnsetReportSound,24,13.120274639192715,7867.583295080494,11362.65377178956,33810.945731503976,4921.935859137176,39795.97385132581,0.05067278066105989,0.10237488535222296,0.15757084638002103,0.1484265409439894,0.16634237266881607
4,chan61-chan62,Involuntary_OutcomeOnsetReportSound,25,64.47895750273676,43448.24397817736,6346.857424494173,191457.68256702035,619.2963465327731,88383.04300411667,0.05067278066105989,0.10237488535222296,0.15757084638002103,0.1484265409439894,0.16634237266881607
4,chan61-chan62,Involuntary_OutcomeOnsetReportSound,26,7.7006177908153415,36360.16322413161,5276.796181713039,31430.282411977565,946.2425476145097,48717.5495552547,0.05067278066105989,0.10237488535222296,0.15757084638002103,0.1484265409439894,0.16634237266881607
4,chan61-chan62,Involuntary_OutcomeOnsetReportSound,27,0.7536888779986682,14142.634952473909,5925.780987431948,21411.61813418514,3557.389592232677,16033.384227562317,0.05067278066105989,0.10237488535222296,0.15757084638002103,0.1484265409439894,0.16634237266881607
4,chan61-chan62,Involuntary_OutcomeOnsetReportSound,28,22.283521173308774,17211.693102101097,125202.58384685176,27116.091466822123,43438.313133393916,52735.31823937783,0.05067278066105989,0.10237488535222296,0.15757084638002103,0.1484265409439894,0.16634237266881607
4,chan61-chan62,Involuntary_OutcomeOnsetReportSound,29,38.62420919533846,26720.473500232543,12417.67247985845,41615.16839024051,4550.377461178892,30816.491589499863,0.05067278066105989,0.10237488535222296,0.15757084638002103,0.1484265409439894,0.16634237266881607
4,chan61-chan62,Involuntary_OutcomeOnsetReportSound,30,36.885121642505105,23227.866732516886,7165.576763495787,60560.1293832334,3131.686960900853,33525.29204325496,0.05067278066105989,0.10237488535222296,0.15757084638002103,0.1484265409439894,0.16634237266881607
4,chan61-chan62,Involuntary_OutcomeOnsetReportSound,31,40.520593867299105,11933.010151758508,4185.498230609955,72925.59975310773,972.7484830114972,58042.735516693094,0.05067278066105989,0.10237488535222296,0.15757084638002103,0.1484265409439894,0.16634237266881607
4,chan61-chan62,Involuntary_OutcomeOnsetReportSound,32,-28.509678297745808,10280.041793068145,37298.32728517806,18965.62208440158,10663.575374239037,34161.99128855525,0.05067278066105989,0.10237488535222296,0.15757084638002103,0.1484265409439894,0.16634237266881607
4,chan61-chan62,Involuntary_OutcomeOnsetReportSound,33,26.06532569511329,7273.79839938172,7834.155740388398,51701.885661037064,1797.510483963278,42938.37912448913,0.05067278066105989,0.10237488535222296,0.15757084638002103,0.1484265409439894,0.16634237266881607
4,chan61-chan62,Involuntary_OutcomeOnsetReportSound,34,35.77452720127143,17308.240688137314,11673.845397703839,82174.2125335169,4172.76591455901,27622.126434572037,0.05067278066105989,0.10237488535222296,0.15757084638002103,0.1484265409439894,0.16634237266881607
4,chan61-chan62,Involuntary_OutcomeOnsetReportSound,35,45.54727042818541,17405.309617461513,29598.44250162114,23330.884710482103,12416.010356200093,18473.32011902677,0.05067278066105989,0.10237488535222296,0.15757084638002103,0.1484265409439894,0.16634237266881607
4,chan61-chan62,Involuntary_OutcomeOnsetReportSound,36,-49.08447317338431,26775.850345441017,20197.40104773225,328767.85758819577,5194.091594346483,78784.72934750041,0.05067278066105989,0.10237488535222296,0.15757084638002103,0.1484265409439894,0.16634237266881607
4,chan61-chan62,Involuntary_OutcomeOnsetReportSound,37,8.669944670366446,8352.822523345383,30602.53404323882,109606.83889111396,10087.254290973833,37136.750562475776,0.05067278066105989,0.10237488535222296,0.15757084638002103,0.1484265409439894,0.16634237266881607
4,chan61-chan62,Involuntary_OutcomeOnsetReportSound,38,45.17683648650273,11002.228990244852,6221.9855465386545,66117.89225280638,1622.1177975604996,14904.687985201344,0.05067278066105989,0.10237488535222296,0.15757084638002103,0.1484265409439894,0.16634237266881607
4,chan61-chan62,Involuntary_OutcomeOnsetReportSound,39,15.868948370144023,9170.854112206165,9840.463101485166,66481.15191784411,3622.0200166820523,38784.13314290661,0.05067278066105989,0.10237488535222296,0.15757084638002103,0.1484265409439894,0.16634237266881607
4,chan61-chan62,Involuntary_OutcomeOnsetReportSound,40,-5.839549855695205,45050.28187736429,8177.857277334311,13604.419202901609,2060.6082556265424,26108.533756727218,0.05067278066105989,0.10237488535222296,0.15757084638002103,0.1484265409439894,0.16634237266881607
4,chan61-chan62,Involuntary_OutcomeOnsetReportSound,41,-56.838634169183315,12134.626491466572,14381.0195437115,169746.4246736447,2918.5610795326293,28129.571494467276,0.05067278066105989,0.10237488535222296,0.15757084638002103,0.1484265409439894,0.16634237266881607
4,chan61-chan62,Involuntary_OutcomeOnsetReportSound,42,49.62071272556612,10930.727425713096,13112.928464702372,62445.066264743706,5476.632122456297,35153.51656351919,0.05067278066105989,0.10237488535222296,0.15757084638002103,0.1484265409439894,0.16634237266881607
4,chan61-chan62,Involuntary_OutcomeOnsetReportSound,43,34.976063713579435,23751.820978349926,32088.09420795426,102781.23024505966,10040.609690822124,29283.189752493403,0.05067278066105989,0.10237488535222296,0.15757084638002103,0.1484265409439894,0.16634237266881607
4,chan61-chan62,Involuntary_OutcomeOnsetReportSound,44,43.9720461905298,10905.0497014981,6617.988721633702,187777.80500840826,568.7096972493172,62641.18598998651,0.05067278066105989,0.10237488535222296,0.15757084638002103,0.1484265409439894,0.16634237266881607
4,chan61-chan62,Involuntary_OutcomeOnsetReportSound,45,52.1273956175763,22441.064054662518,27691.0652473279,191191.90766551453,11534.690030311585,30583.058288032924,0.05067278066105989,0.10237488535222296,0.15757084638002103,0.1484265409439894,0.16634237266881607
4,chan61-chan62,Involuntary_OutcomeOnsetReportSound,46,0.047707534992933114,14396.137847663174,8122.137789485798,341966.75994001224,1188.7394684125175,65225.27752775222,0.05067278066105989,0.10237488535222296,0.15757084638002103,0.1484265409439894,0.16634237266881607
4,chan61-chan62,Involuntary_OutcomeOnsetReportSound,47,-8.426609867247777,7314.856565172769,18598.89295153597,15163.87867510451,6918.833735909677,4222.70280576772,0.05067278066105989,0.10237488535222296,0.15757084638002103,0.1484265409439894,0.16634237266881607
4,chan61-chan62,Involuntary_OutcomeOnsetReportSound,48,-55.164711259564996,10465.535020341851,3631.534637767041,114948.54183786083,772.6672250878339,21130.85168427955,0.05067278066105989,0.10237488535222296,0.15757084638002103,0.1484265409439894,0.16634237266881607
4,chan61-chan62,Involuntary_OutcomeOnsetReportSound,49,44.23725146631157,15659.055931968243,13622.677144557225,102825.18913956237,2620.7562294333134,8069.394294662941,0.05067278066105989,0.10237488535222296,0.15757084638002103,0.1484265409439894,0.16634237266881607
4,chan61-chan62,Involuntary_OutcomeOnsetReportSound,50,40.29902140410676,17998.342101766742,33166.04403156002,49374.90288934651,13285.331909664474,30944.93271146806,0.05067278066105989,0.10237488535222296,0.15757084638002103,0.1484265409439894,0.16634237266881607
4,chan61-chan62,Involuntary_OutcomeOnsetReportSound,51,-0.21787028333445949,16422.829345044745,16896.53180433133,26459.44169173187,4695.64300095488,22472.033579032115,0.05067278066105989,0.10237488535222296,0.15757084638002103,0.1484265409439894,0.16634237266881607
4,chan61-chan62,Involuntary_OutcomeOnsetReportSound,52,103.18039146614275,22997.212420157015,8199.426863695253,240424.38595377587,4377.423337685737,52905.65810735052,0.05067278066105989,0.10237488535222296,0.15757084638002103,0.1484265409439894,0.16634237266881607
4,chan61-chan62,Involuntary_OutcomeOnsetReportSound,53,-43.15362958439569,30589.06046634724,69719.21255737623,157291.17502293896,25938.395464008794,39895.22853614413,0.05067278066105989,0.10237488535222296,0.15757084638002103,0.1484265409439894,0.16634237266881607
4,chan61-chan62,Involuntary_OutcomeOnsetReportSound,54,83.6368821643995,11573.808176823179,21785.487955783366,172622.26039926807,7083.8979333407515,31905.48219368592,0.05067278066105989,0.10237488535222296,0.15757084638002103,0.1484265409439894,0.16634237266881607
4,chan61-chan62,Involuntary_OutcomeOnsetReportSound,55,30.72433695938466,18063.515773043644,32904.571996530234,53020.508482936355,10516.42359066372,20041.044367293784,0.05067278066105989,0.10237488535222296,0.15757084638002103,0.1484265409439894,0.16634237266881607
4,chan61-chan62,Involuntary_OutcomeOnsetReportSound,56,63.68869942384067,16661.29663157921,5220.661184128024,88845.6839292646,656.7898731085864,10628.275209705153,0.05067278066105989,0.10237488535222296,0.15757084638002103,0.1484265409439894,0.16634237266881607
4,chan61-chan62,Involuntary_OutcomeOnsetReportSound,57,34.490523515500605,26634.982412188554,5586.428038648629,64668.86280750706,834.7081486272452,67863.20634648822,0.05067278066105989,0.10237488535222296,0.15757084638002103,0.1484265409439894,0.16634237266881607
4,chan61-chan62,Involuntary_OutcomeOnsetReportSound,58,1.307236557518296,23570.364978527876,12533.242955791226,194508.70197891502,2953.2415375518235,153024.04508744978,0.05067278066105989,0.10237488535222296,0.15757084638002103,0.1484265409439894,0.16634237266881607
4,chan61-chan62,Involuntary_OutcomeOnsetReportSound,59,-33.24226726413665,7796.243747839727,9145.426088518348,38651.09589396628,2848.3881552653543,21586.535252176596,0.05067278066105989,0.10237488535222296,0.15757084638002103,0.1484265409439894,0.16634237266881607
4,chan61-chan62,Involuntary_OutcomeOnsetReportSound,60,18.19800589693276,6172.263716229742,9379.785832523121,259901.4632594999,2211.677563301831,13993.946322559203,0.05067278066105989,0.10237488535222296,0.15757084638002103,0.1484265409439894,0.16634237266881607
4,chan61-chan62,Voluntary_OutcomeOnsetReportSound,1,14.220150058356982,28635.410610360897,17643.891873626053,73936.192947959,4269.777532849186,25797.564966770045,0.12721579548408857,0.12361054889652807,0.2756247957940877,0.13400419594617777,0.22162375920716249
4,chan61-chan62,Voluntary_OutcomeOnsetReportSound,2,5.725485262030184,11979.876737242397,8818.721694663234,255330.69447928408,1813.3318999331489,84764.80137510187,0.12721579548408857,0.12361054889652807,0.2756247957940877,0.13400419594617777,0.22162375920716249
4,chan61-chan62,Voluntary_OutcomeOnsetReportSound,3,1.4805968103568063,12193.966856994868,11686.537928075455,11861.235617672282,2119.4291260144623,38838.624451070544,0.12721579548408857,0.12361054889652807,0.2756247957940877,0.13400419594617777,0.22162375920716249
4,chan61-chan62,Voluntary_OutcomeOnsetReportSound,4,-44.309568682861894,15743.753212704307,2167.4242726389275,138462.2686756192,1120.1663978102397,35176.519921939216,0.12721579548408857,0.12361054889652807,0.2756247957940877,0.13400419594617777,0.22162375920716249
4,chan61-chan62,Voluntary_OutcomeOnsetReportSound,5,10.042958030125007,2015.3349296397496,5881.9757595298115,60031.21395526542,1581.0995318743778,20073.134542956115,0.12721579548408857,0.12361054889652807,0.2756247957940877,0.13400419594617777,0.22162375920716249
4,chan61-chan62,Voluntary_OutcomeOnsetReportSound,6,-17.005957231741107,72063.65283897464,5534.04328084716,43999.888203265014,910.8108254566563,99430.7631446292,0.12721579548408857,0.12361054889652807,0.2756247957940877,0.13400419594617777,0.22162375920716249
4,chan61-chan62,Voluntary_OutcomeOnsetReportSound,7,-1.6505505934875866,7197.4438164511075,6942.566054756806,53958.85638837398,3059.8375258419214,35857.4336332032,0.12721579548408857,0.12361054889652807,0.2756247957940877,0.13400419594617777,0.22162375920716249
4,chan61-chan62,Voluntary_OutcomeOnsetReportSound,8,-38.70535010873206,31025.699914364202,4029.9445982257016,94876.37170822514,623.9616731174909,40868.57666405625,0.12721579548408857,0.12361054889652807,0.2756247957940877,0.13400419594617777,0.22162375920716249
4,chan61-chan62,Voluntary_OutcomeOnsetReportSound,9,-15.027564448323053,2168.0432061217807,7309.148473348004,39632.55490079641,1161.2494023631941,22503.938422367974,0.12721579548408857,0.12361054889652807,0.2756247957940877,0.13400419594617777,0.22162375920716249
4,chan61-chan62,Voluntary_OutcomeOnsetReportSound,10,-7.208802626324591,14630.236045197962,5427.079121318986,38619.88994418229,1093.380173583455,30496.712980059194,0.12721579548408857,0.12361054889652807,0.2756247957940877,0.13400419594617777,0.22162375920716249
4,chan61-chan62,Voluntary_OutcomeOnsetReportSound,11,-19.97320134614367,16495.740016418426,11319.612626502269,43466.85858310413,2849.942124725645,46379.41248074299,0.12721579548408857,0.12361054889652807,0.2756247957940877,0.13400419594617777,0.22162375920716249
4,chan61-chan62,Voluntary_OutcomeOnsetReportSound,12,10.51810844856969,10089.808897496347,4376.168160415779,116761.93336995298,1203.160344412493,12989.680763338492,0.12721579548408857,0.12361054889652807,0.2756247957940877,0.13400419594617777,0.22162375920716249
4,chan61-chan62,Voluntary_OutcomeOnsetReportSound,13,-72.37246719807102,11899.926101391791,7920.850929260454,129333.34344346997,469.46631169638334,29253.695415800274,0.12721579548408857,0.12361054889652807,0.2756247957940877,0.13400419594617777,0.22162375920716249
4,chan61-chan62,Voluntary_OutcomeOnsetReportSound,14,17.283669130441073,50410.149175698716,6590.4503613639345,177248.80227366698,563.4161923719428,47449.96326356313,0.12721579548408857,0.12361054889652807,0.2756247957940877,0.13400419594617777,0.22162375920716249
4,chan61-chan62,Voluntary_OutcomeOnsetReportSound,15,-15.178008969075092,12724.43341015933,9407.401484226615,14063.463801973689,3389.0055310243633,3727.4716010840148,0.12721579548408857,0.12361054889652807,0.2756247957940877,0.13400419594617777,0.22162375920716249
4,chan61-chan62,Voluntary_OutcomeOnsetReportSound,16,-2.0204792868911117,17855.251705842344,4520.462159524433,111317.05654930857,787.6232493649782,32073.825865447616,0.12721579548408857,0.12361054889652807,0.2756247957940877,0.13400419594617777,0.22162375920716249
4,chan61-chan62,Voluntary_OutcomeOnsetReportSound,17,13.29826898112964,9118.31079099713,2817.1705619283252,14949.414340275916,652.3263332285029,26095.880664468903,0.12721579548408857,0.12361054889652807,0.2756247957940877,0.13400419594617777,0.22162375920716249
4,chan61-chan62,Voluntary_OutcomeOnsetReportSound,18,-21.6473457485584,18260.771213144577,22254.35413715225,45315.915811888706,7309.483837299061,18554.127647015444,0.12721579548408857,0.12361054889652807,0.2756247957940877,0.13400419594617777,0.22162375920716249
4,chan61-chan62,Voluntary_OutcomeOnsetReportSound,19,-34.02827316359508,10636.405348794538,3736.3356376303204,27018.62696947715,1196.4418737863318,36186.13136213389,0.12721579548408857,0.12361054889652807,0.2756247957940877,0.13400419594617777,0.22162375920716249
4,chan61-chan62,Voluntary_OutcomeOnsetReportSound,20,37.43292343027121,9416.831610623158,6918.84042941577,34985.42559652093,1016.8878563261444,26154.44701843355,0.12721579548408857,0.12361054889652807,0.2756247957940877,0.13400419594617777,0.22162375920716249
4,chan61-chan62,Voluntary_OutcomeOnsetReportSound,21,-26.87508348425129,5514.974026383993,26473.47424958479,226717.02310984096,8611.608752975299,20352.751244319366,0.12721579548408857,0.12361054889652807,0.2756247957940877,0.13400419594617777,0.22162375920716249
4,chan61-chan62,Voluntary_OutcomeOnsetReportSound,22,-23.615703785152565,9817.916845671687,3093.743763486838,112630.37667996739,605.5118283203067,93525.37777695383,0.12721579548408857,0.12361054889652807,0.2756247957940877,0.13400419594617777,0.22162375920716249
4,chan61-chan62,Voluntary_OutcomeOnsetReportSound,23,-5.933264205593672,10838.558866110612,7343.903686304315,99594.65091969643,921.1643628474233,44084.37374529789,0.12721579548408857,0.12361054889652807,0.2756247957940877,0.13400419594617777,0.22162375920716249
4,chan61-chan62,Voluntary_OutcomeOnsetReportSound,24,-33.70023601303418,19267.65396764813,7842.593528699225,32615.1414395232,1516.350739855623,19760.908554730253,0.12721579548408857,0.12361054889652807,0.2756247957940877,0.13400419594617777,0.22162375920716249
4,chan61-chan62,Voluntary_OutcomeOnsetReportSound,25,-22.968607507460806,31416.14795882106,33573.12854075221,73774.69221385125,10631.974422187004,96808.58430766546,0.12721579548408857,0.12361054889652807,0.2756247957940877,0.13400419594617777,0.22162375920716249
4,chan61-chan62,Voluntary_OutcomeOnsetReportSound,26,24.942990682870843,5381.591252176773,3857.5143824242896,112428.70545798988,1227.1147116968798,71201.93343395513,0.12721579548408857,0.12361054889652807,0.2756247957940877,0.13400419594617777,0.22162375920716249
4,chan61-chan62,Voluntary_OutcomeOnsetReportSound,27,11.87462614979867,19469.842002413574,14388.471640444623,29435.03841849224,3601.8468408715526,39766.30414673907,0.12721579548408857,0.12361054889652807,0.2756247957940877,0.13400419594617777,0.22162375920716249
4,chan61-chan62,Voluntary_OutcomeOnsetReportSound,28,-9.887722657836063,4124.430296717066,6888.868397717966,71799.08140715581,1147.9147568827293,15209.17691220887,0.12721579548408857,0.12361054889652807,0.2756247957940877,0.13400419594617777,0.22162375920716249
4,chan61-chan62,Voluntary_OutcomeOnsetReportSound,29,-22.925845143927322,2738.8685980494965,13178.073581646444,9423.959460017733,3355.1476068959537,5905.829220006045,0.12721579548408857,0.12361054889652807,0.2756247957940877,0.13400419594617777,0.22162375920716249
4,chan61-chan62,Voluntary_OutcomeOnsetReportSound,30,-22.934622659741873,15914.706885721069,16283.781143960032,47095.152061247005,6837.091359644907,19781.917588305234,0.12721579548408857,0.12361054889652807,0.2756247957940877,0.13400419594617777,0.22162375920716249
4,chan61-chan62,Voluntary_OutcomeOnsetReportSound,31,44.85008250280697,5983.567255454974,5717.725374066787,182450.1520813651,1204.085459032672,75107.04202977849,0.12721579548408857,0.12361054889652807,0.2756247957940877,0.13400419594617777,0.22162375920716249
4,chan61-chan62,Voluntary_OutcomeOnsetReportSound,32,-30.289125023641297,13250.888401945458,5676.421480273309,257176.62820091637,739.4248815972337,88064.47915964674,0.12721579548408857,0.12361054889652807,0.2756247957940877,0.13400419594617777,0.22162375920716249
4,chan61-chan62,Voluntary_OutcomeOnsetReportSound,33,-64.41422365157275,15059.208555200417,4797.3215474590115,101644.45469650978,1644.465381776618,46343.87256676033,0.12721579548408857,0.12361054889652807,0.2756247957940877,0.13400419594617777,0.22162375920716249
4,chan61-chan62,Voluntary_OutcomeOnsetReportSound,34,46.8548730314657,5638.944728062378,4309.847733820733,252403.20877419837,2181.922106148337,70283.67368698835,0.12721579548408857,0.12361054889652807,0.2756247957940877,0.13400419594617777,0.22162375920716249
4,chan61-chan62,Voluntary_OutcomeOnsetReportSound,35,-17.527963067733882,10813.08002226484,1463.862197980056,29840.65327607051,302.3385839569102,15817.998316095844,0.12721579548408857,0.12361054889652807,0.2756247957940877,0.13400419594617777,0.22162375920716249
4,chan61-chan62,Voluntary_OutcomeOnsetReportSound,36,33.01717196999867,18375.15598187886,6716.343389021055,18824.9685935624,886.905604156781,39905.385949557865,0.12721579548408857,0.12361054889652807,0.2756247957940877,0.13400419594617777,0.22162375920716249
4,chan61-chan62,Voluntary_OutcomeOnsetReportSound,37,-17.35599378455603,8173.206392812837,9994.61626604456,73881.09011593054,2175.641530240032,25853.128181789947,0.12721579548408857,0.12361054889652807,0.2756247957940877,0.13400419594617777,0.22162375920716249
4,chan61-chan62,Voluntary_OutcomeOnsetReportSound,38,-33.29835580169361,7180.303201184595,7976.499215391954,204562.53111018092,726.3531243229254,32720.935162799597,0.12721579548408857,0.12361054889652807,0.2756247957940877,0.13400419594617777,0.22162375920716249
4,chan61-chan62,Voluntary_OutcomeOnsetReportSound,39,-13.460214685444782,3860.7720651774925,7545.648710982078,32560.75300271012,3096.581271387691,32431.50819947559,0.12721579548408857,0.12361054889652807,0.2756247957940877,0.13400419594617777,0.22162375920716249
4,chan61-chan62,Voluntary_OutcomeOnsetReportSound,40,22.752270325036058,17092.02719322596,6152.212975285764,444.8402571018904,1501.3029140294634,6481.328682362252,0.12721579548408857,0.12361054889652807,0.2756247957940877,0.13400419594617777,0.22162375920716249
4,chan61-chan62,Voluntary_OutcomeOnsetReportSound,41,-7.490607107975437,13904.771102441164,2880.850970296213,52395.45646249868,1377.2174889874573,38731.98615471347,0.12721579548408857,0.12361054889652807,0.2756247957940877,0.13400419594617777,0.22162375920716249
4,chan61-chan62,Voluntary_OutcomeOnsetReportSound,42,-39.67233346350755,8864.102412770548,9658.331813278059,31434.55627133641,2997.976054011297,17708.958247646846,0.12721579548408857,0.12361054889652807,0.2756247957940877,0.13400419594617777,0.22162375920716249
4,chan61-chan62,Voluntary_OutcomeOnsetReportSound,43,8.02553607516027,41171.45650295403,9796.809152147156,54629.52397845766,911.6410830155538,27108.912983421193,0.12721579548408857,0.12361054889652807,0.2756247957940877,0.13400419594617777,0.22162375920716249
4,chan61-chan62,Voluntary_OutcomeOnsetReportSound,44,-28.389750436615294,12697.184791882866,11213.13470003723,48481.75238185508,3333.4679470336687,12972.44621891753,0.12721579548408857,0.12361054889652807,0.2756247957940877,0.13400419594617777,0.22162375920716249
4,chan61-chan62,Voluntary_OutcomeOnsetReportSound,45,47.733535194000275,30028.558156078907,4959.131447946811,53527.491637041545,782.0485306379777,28738.691321171926,0.12721579548408857,0.12361054889652807,0.2756247957940877,0.13400419594617777,0.22162375920716249
4,chan61-chan62,Voluntary_OutcomeOnsetReportSound,46,15.894983204239107,6737.114788549873,8359.166678127496,23680.977435781417,2849.916125894406,16751.887688513936,0.12721579548408857,0.12361054889652807,0.2756247957940877,0.13400419594617777,0.22162375920716249
4,chan61-chan62,Voluntary_OutcomeOnsetReportSound,47,-44.5812657181525,38947.850727005454,5990.351063239136,352395.6259413308,1167.7339369541303,83483.60420008324,0.12721579548408857,0.12361054889652807,0.2756247957940877,0.13400419594617777,0.22162375920716249
4,chan61-chan62,Voluntary_OutcomeOnsetReportSound,48,5.197948703347938,32798.36721442955,6799.785310258268,140567.86154483326,1068.9230119532108,57100.55166638703,0.12721579548408857,0.12361054889652807,0.2756247957940877,0.13400419594617777,0.22162375920716249
4,chan61-chan62,Voluntary_OutcomeOnsetReportSound,49,48.7660846052255,928.2630275708558,2155.8198692928154,35197.90768951331,699.931341965702,5801.955146076826,0.12721579548408857,0.12361054889652807,0.2756247957940877,0.13400419594617777,0.22162375920716249
4,chan61-chan62,Voluntary_OutcomeOnsetReportSound,50,-10.589482713407257,18953.094955544413,4954.396431284308,11913.210329468084,1725.2570473657256,14078.380662453892,0.12721579548408857,0.12361054889652807,0.2756247957940877,0.13400419594617777,0.22162375920716249
4,chan61-chan62,Voluntary_OutcomeOnsetReportSound,51,-1.4747047057162053,11509.87463353819,16487.825910672313,144664.75753951157,7072.736414548775,32147.278290059257,0.12721579548408857,0.12361054889652807,0.2756247957940877,0.13400419594617777,0.22162375920716249
4,chan61-chan62,Voluntary_OutcomeOnsetReportSound,52,51.2210227860999,7799.20440083799,10289.984289715805,204877.88122046628,3893.8015519689648,37820.29070054142,0.12721579548408857,0.12361054889652807,0.2756247957940877,0.13400419594617777,0.22162375920716249
4,chan61-chan62,Voluntary_OutcomeOnsetReportSound,53,18.535196910116348,6229.439038398846,7406.64089559905,121146.48627782421,1980.7363049074477,24229.742171748887,0.12721579548408857,0.12361054889652807,0.2756247957940877,0.13400419594617777,0.22162375920716249
4,chan61-chan62,Voluntary_OutcomeOnsetReportSound,54,-26.105227805488802,33489.90943282771,10934.39111301192,320392.3996353039,1518.3886193477429,38655.667850076105,0.12721579548408857,0.12361054889652807,0.2756247957940877,0.13400419594617777,0.22162375920716249
4,chan61-chan62,Voluntary_OutcomeOnsetReportSound,55,63.541187690190704,6867.066890070099,9018.63545535651,718278.5238998223,2764.090808823212,78871.46085081367,0.12721579548408857,0.12361054889652807,0.2756247957940877,0.13400419594617777,0.22162375920716249
4,chan61-chan62,Voluntary_OutcomeOnsetReportSound,56,-24.900406375972224,20192.061519263596,9093.416472456378,88211.33104205623,2722.6072865000447,54587.831565090026,0.12721579548408857,0.12361054889652807,0.2756247957940877,0.13400419594617777,0.22162375920716249
4,chan61-chan62,Voluntary_OutcomeOnsetReportSound,57,-41.242996466304255,14476.149931470207,7983.958436656447,54801.05563166154,2449.2237993811605,43843.681840952915,0.12721579548408857,0.12361054889652807,0.2756247957940877,0.13400419594617777,0.22162375920716249
4,chan61-chan62,Voluntary_OutcomeOnsetReportSound,58,-13.421713996882408,18631.035823675127,6104.588744324603,368623.69049010216,2008.8306742936388,181513.22918624914,0.12721579548408857,0.12361054889652807,0.2756247957940877,0.13400419594617777,0.22162375920716249
4,chan61-chan62,Voluntary_OutcomeOnsetReportSound,59,29.92219257351025,20410.39205414498,6120.587460499282,181385.94780143566,2568.0158714016543,90155.39435605603,0.12721579548408857,0.12361054889652807,0.2756247957940877,0.13400419594617777,0.22162375920716249
4,chan61-chan62,Voluntary_OutcomeOnsetReportSound,60,2.095305371214047,32234.366439596066,11537.731056122491,136199.50845379528,737.1709726279336,71623.4279952569,0.12721579548408857,0.12361054889652807,0.2756247957940877,0.13400419594617777,0.22162375920716249
