"region","lower","upper","Value"
"AGR",100,110,0.0229796922514997
"AGR",110,120,0.0120098553892085
"AGR",120,130,-0.00923904364297887
"AGR",130,140,0.033718390800858
"AGR",140,150,0.0957853794512001
"AGR",150,160,0.116368570557133
"AGR",160,170,0.109248293949766
"AGR",170,180,0.0753236721571362
"AGR",180,190,-0.011975610498376
"AGR",190,200,-0.101701310161119
"AGR",200,210,-0.0945969124144421
"AGR",210,220,0.00800664796689773
"AGR",220,230,0.0898741881049224
"AGR",230,240,0.0584394029656874
"AGR",240,250,-0.0531589918403848
"AGR",250,260,-0.126465727997118
"AGR",260,270,-0.101432008503192
"AGR",270,280,-0.0548079132116616
"AGR",280,290,-0.0774639141224589
"AGR",290,300,-0.124615680107185
"AGR",300,310,-0.0971627232698176
"AGR",310,320,-0.0107793915216885
"AGR",320,330,0.0438721034312477
"AGR",330,340,0.0470984361136074
"AGR",340,350,0.0441392856256501
"AGR",350,360,0.0496972865680246
"AGR",360,370,0.0329501654320698
"AGR",370,380,-0.0362917511121444
"AGR",380,390,-0.143336841862787
"AGR",390,400,-0.222617478120137
"AGR",400,410,-0.232168890879582
"AGR",410,420,-0.210243912483729
"AGR",420,430,-0.191405594319308
"AGR",430,440,-0.13941465167893
"AGR",440,450,-0.0525427254241003
"AGR",450,460,-0.0206434411433017
"AGR",460,470,-0.0795664789456874
"AGR",470,480,-0.1419060277544
"AGR",480,490,-0.150775212256971
"AGR",490,500,-0.157267482982394
"AGR",500,510,-0.189190505098606
"AGR",510,520,-0.187422066945238
"AGR",520,530,-0.122510130051811
"AGR",530,540,-0.0598434162598888
"AGR",540,550,-0.0601900030311803
"AGR",550,560,-0.0885407185965453
"AGR",560,570,-0.0806794173776066
"AGR",570,580,-0.0639622285319241
"AGR",580,590,-0.116573867750661
"AGR",590,600,-0.204485760973324
"AGR",600,610,-0.202597544776401
"AGR",610,620,-0.112961970011915
"AGR",620,630,-0.0768051128935137
"AGR",630,640,-0.127840790559303
"AGR",640,650,-0.153373272904534
"AGR",650,660,-0.123407060398171
"AGR",660,670,-0.11694577175966
"AGR",670,680,-0.132424754309533
"AGR",680,690,-0.108992460386639
"AGR",690,700,-0.0801297866904229
"DLPFCR",100,110,-0.0934970187190953
"DLPFCR",110,120,0.0159977162989708
"DLPFCR",120,130,0.087317861196748
"DLPFCR",130,140,0.0466914205484202
"DLPFCR",140,150,-0.0438458816063429
"DLPFCR",150,160,-0.00584624515117212
"DLPFCR",160,170,0.081260028132152
"DLPFCR",170,180,-0.00413936480789201
"DLPFCR",180,190,-0.173131819322034
"DLPFCR",190,200,-0.207133230562038
"DLPFCR",200,210,-0.157209789682935
"DLPFCR",210,220,-0.153499804346357
"DLPFCR",220,230,-0.175061933757845
"DLPFCR",230,240,-0.209699221274342
"DLPFCR",240,250,-0.269973561736732
"DLPFCR",250,260,-0.280321500994994
"DLPFCR",260,270,-0.222577679269493
"DLPFCR",270,280,-0.182482277096913
"DLPFCR",280,290,-0.147958043427652
"DLPFCR",290,300,-0.064429657036238
"DLPFCR",300,310,-0.0218960145021124
"DLPFCR",310,320,-0.0912187196975749
"DLPFCR",320,330,-0.155919753832433
"DLPFCR",330,340,-0.117612771292623
"DLPFCR",340,350,-0.0590539231459198
"DLPFCR",350,360,-0.10078069280495
"DLPFCR",360,370,-0.245040190089856
"DLPFCR",370,380,-0.366808793783103
"DLPFCR",380,390,-0.321495600305704
"DLPFCR",390,400,-0.129625080283505
"DLPFCR",400,410,0.00156484865423665
"DLPFCR",410,420,-0.0614164691023605
"DLPFCR",420,430,-0.20034682409001
"DLPFCR",430,440,-0.228216498210834
"DLPFCR",440,450,-0.144547115470949
"DLPFCR",450,460,-0.0933760395594163
"DLPFCR",460,470,-0.128661803465783
"DLPFCR",470,480,-0.162821300775694
"DLPFCR",480,490,-0.137643242584563
"DLPFCR",490,500,-0.0877031018907297
"DLPFCR",500,510,-0.0515581504170583
"DLPFCR",510,520,-0.0892227055847946
"DLPFCR",520,530,-0.28545152493938
"DLPFCR",530,540,-0.554730958446476
"DLPFCR",540,550,-0.655176984982399
"DLPFCR",550,560,-0.552246947655829
"DLPFCR",560,570,-0.467162756250273
"DLPFCR",570,580,-0.48970853025671
"DLPFCR",580,590,-0.488996871068508
"DLPFCR",590,600,-0.388612364585065
"DLPFCR",600,610,-0.242613339022581
"DLPFCR",610,620,-0.148425572712319
"DLPFCR",620,630,-0.201811100354166
"DLPFCR",630,640,-0.343060644300287
"DLPFCR",640,650,-0.336272031840708
"DLPFCR",650,660,-0.135690497318666
"DLPFCR",660,670,-0.014846674686249
"DLPFCR",670,680,-0.129726612455848
"DLPFCR",680,690,-0.297491064997104
"DLPFCR",690,700,-0.331959290318238
"PrecuneusR",100,110,-0.000645265211611892
"PrecuneusR",110,120,0.0237989998104628
"PrecuneusR",120,130,-0.0778184637601559
"PrecuneusR",130,140,-0.115354299113762
"PrecuneusR",140,150,-0.0345732327902778
"PrecuneusR",150,160,-0.00187858830341345
"PrecuneusR",160,170,-0.117843808114713
"PrecuneusR",170,180,-0.201491224828897
"PrecuneusR",180,190,-0.103955940726906
"PrecuneusR",190,200,0.0083341994056477
"PrecuneusR",200,210,-0.00758354214242424
"PrecuneusR",210,220,-0.0171857585016159
"PrecuneusR",220,230,0.0500110512209388
"PrecuneusR",230,240,0.0668373604858885
"PrecuneusR",240,250,0.0314011447236688
"PrecuneusR",250,260,0.0552304091385454
"PrecuneusR",260,270,0.101241959250005
"PrecuneusR",270,280,0.10348501991197
"PrecuneusR",280,290,0.108903539859101
"PrecuneusR",290,300,0.114873682834906
"PrecuneusR",300,310,0.0914954427853373
"PrecuneusR",310,320,0.124166968082892
"PrecuneusR",320,330,0.231780624097869
"PrecuneusR",330,340,0.289881957547288
"PrecuneusR",340,350,0.299907509177107
"PrecuneusR",350,360,0.342365964906542
"PrecuneusR",360,370,0.301345827325285
"PrecuneusR",370,380,0.0976776362644977
"PrecuneusR",380,390,-0.0292514760458226
"PrecuneusR",390,400,0.0976624004606865
"PrecuneusR",400,410,0.277994933637588
"PrecuneusR",410,420,0.305148202320635
"PrecuneusR",420,430,0.249707973220776
"PrecuneusR",430,440,0.210200663945702
"PrecuneusR",440,450,0.168078663681437
"PrecuneusR",450,460,0.145993288675118
"PrecuneusR",460,470,0.204679033479503
"PrecuneusR",470,480,0.284461335218442
"PrecuneusR",480,490,0.261448381415187
"PrecuneusR",490,500,0.157275606482409
"PrecuneusR",500,510,0.130754654813355
"PrecuneusR",510,520,0.207424835931833
"PrecuneusR",520,530,0.19293646597459
"PrecuneusR",530,540,0.00187399286948276
"PrecuneusR",540,550,-0.158012422472418
"PrecuneusR",550,560,-0.136832155728188
"PrecuneusR",560,570,-0.0606014697458103
"PrecuneusR",570,580,-0.013254506274676
"PrecuneusR",580,590,0.0735385113476435
"PrecuneusR",590,600,0.125414064577361
"PrecuneusR",600,610,0.0243363939229641
"PrecuneusR",610,620,-0.074325778832463
"PrecuneusR",620,630,-0.0256589820876949
"PrecuneusR",630,640,-0.000490912945185383
"PrecuneusR",640,650,-0.0858090854408113
"PrecuneusR",650,660,-0.0844515776264824
"PrecuneusR",660,670,0.0207981295456448
"PrecuneusR",670,680,0.0349365254148473
"PrecuneusR",680,690,0.014437976145705
"PrecuneusR",690,700,0.101721977923994
